path,model,trend_in_feat,nfeat,lb,ps,lr,w_after,split,period,trend_acc,trend_f1,rev_acc,rev_f1,sig_f1,roc_auc,days_diff,in_adv,bt
DNN_Projects/LocalExtrema-20-1/all-DNN_5layers-1,DNN_5layers,True,30,64,32,0.001,1,0.7/0.1,2001-01-01~2021-01-01,0.61875,0.6022841895,0.4,0.398989899,0.4059617103,0.601547619047619,34.05882352941177,2,
DNN_Projects/LocalExtrema-20-10/all-DNN_5layers-10,DNN_5layers,True,30,64,32,0.001,10,0.7/0.1,2001-01-01~2021-01-01,0.4569444444,0.456,0.5111111111,0.4803675856,0.4194804584,0.46285714285714286,37.796875,5,
DNN_Projects/LocalExtrema-20-15/all-DNN_5layers-15,DNN_5layers,True,30,64,32,0.001,15,0.7/0.1,2001-01-01~2021-01-01,0.4256944444,0.4256808731,0.5555555556,0.5130647131,0.4111784063,0.4386904761904762,39.22222222222222,4,
DNN_Projects/LocalExtrema-20-2/all-DNN_5layers-2,DNN_5layers,True,30,64,32,0.001,2,0.7/0.1,2001-01-01~2021-01-01,0.6006944444,0.578702924,0.5555555556,0.5522185144,0.3871425732,0.5786904761904762,34.80769230769231,4,
DNN_Projects/LocalExtrema-20-20/all-DNN_5layers-20,DNN_5layers,True,30,64,32,0.001,20,0.7/0.1,2001-01-01~2021-01-01,0.4104166667,0.4098904743,0.4,0.3387096774,0.3738491075,0.42726190476190473,38.88405797101449,2,
DNN_Projects/LocalExtrema-20-5/all-DNN_5layers-5,DNN_5layers,True,30,64,32,0.001,5,0.7/0.1,2001-01-01~2021-01-01,0.55,0.5442316822,0.6,0.5483405483,0.4037217562,0.5464285714285714,35.53030303030303,3,
DNN_Projects/MA-20-1/all-DNN_5layers-1,DNN_5layers,True,30,64,32,0.001,1,0.7/0.1,2001-01-01~2021-01-01,0.7166193182,0.6534849682,0.5,0.4888888889,0.3839519353,0.6485086520947179,33.23255813953488,3,
DNN_Projects/MA-20-10/all-DNN_5layers-10,DNN_5layers,True,30,64,32,0.001,10,0.7/0.1,2001-01-01~2021-01-01,0.5241477273,0.4935654206,0.5227272727,0.493993994,0.3698431562,0.5045157862780814,44.0655737704918,7,
DNN_Projects/MA-20-15/all-DNN_5layers-15,DNN_5layers,True,30,64,32,0.001,15,0.7/0.1,2001-01-01~2021-01-01,0.4637784091,0.4467525911,0.5227272727,0.4823448157,0.3523207611,0.46548649058894964,44.84615384615385,8,
DNN_Projects/MA-20-2/all-DNN_5layers-2,DNN_5layers,True,30,64,32,0.001,2,0.7/0.1,2001-01-01~2021-01-01,0.6860795455,0.6309957498,0.5454545455,0.5675990676,0.3646616273,0.6309957498482089,36.883720930232556,6,
DNN_Projects/MA-20-20/all-DNN_5layers-20,DNN_5layers,True,30,64,32,0.001,20,0.7/0.1,2001-01-01~2021-01-01,0.5369318182,0.5103601297,0.5227272727,0.5096716149,0.356875641,0.5253491196114146,44.654545454545456,8,
DNN_Projects/MA-20-5/all-DNN_5layers-5,DNN_5layers,True,30,64,32,0.001,5,0.7/0.1,2001-01-01~2021-01-01,0.5987215909,0.5481599411,0.5227272727,0.524664751,0.3574074074,0.5518556466302368,40.370370370370374,6,
DNN_Projects_MA/MA-10-2-1e-05/all-DNN_5layers-1e-05,DNN_5layers,True,30,64,32,1e-05,2,0.7/0.1,2001-01-01~2021-01-01,0.6292613636,0.6213119214,0.6363636364,0.498015873,0.4324761357,0.6301328889458616,24.365079365079364,9,
DNN_Projects_MA/MA-20-2-1e-05/all-DNN_5layers-1e-05,DNN_5layers,True,30,64,32,1e-05,2,0.7/0.1,2001-01-01~2021-01-01,0.6399147727,0.5770030487,0.4772727273,0.4310776942,0.3378504517,0.5770529751062539,43.25396825396825,7,
DNN_Projects_MA/MA-30-2-1e-05/all-DNN_5layers-1e-05,DNN_5layers,True,30,64,32,1e-05,2,0.7/0.1,2001-01-01~2021-01-01,0.6775568182,0.6266307802,0.6136363636,0.5896168994,0.3504979375,0.6344313725490196,82.36585365853658,2,
DNN_Projects_MA/MA-40-2-1e-05/all-DNN_5layers-1e-05,DNN_5layers,True,30,64,32,1e-05,2,0.7/0.1,2001-01-01~2021-01-01,0.7620738636,0.6742773131,0.5227272727,0.4582809224,0.3271850512,0.6633931396262617,83.54054054054055,3,
DNN_Projects_MA/MA-50-2-1e-05/all-DNN_5layers-1e-05,DNN_5layers,True,30,64,32,1e-05,2,0.7/0.1,2001-01-01~2021-01-01,0.7876420455,0.7192336601,0.1818181818,0.2254901961,0.3234613041,0.7159681634904582,110.47826086956522,4,
DNN_Projects_drop/MA-20-2-1e-06-64-32-0.6/all-DNN_5layers-1e-06-0.6,DNN_5layers,True,30,64,32,1e-06,2,0.7/0.1,2001-01-01~2021-01-01,0.6640625,0.5973823176,0.4772727273,0.4349477683,0.3532464358,0.5957612325440194,44.87301587301587,4,
DNN_Projects_l2/LocalExtrema-20-1/all-DNN_5layers-1,DNN_5layers,True,30,64,32,0.001,1,0.7/0.1,2001-01-01~2021-01-01,0.5729166667,0.5432487618,0.4444444444,0.4468062265,0.3984246091,0.545595238095238,37.175,2,
DNN_Projects_l2/LocalExtrema-20-10/all-DNN_5layers-10,DNN_5layers,True,30,64,32,0.001,10,0.7/0.1,2001-01-01~2021-01-01,0.4604166667,0.4604039158,0.5111111111,0.4612554113,0.4034496474,0.4744047619047619,39.06060606060606,3,
DNN_Projects_l2/LocalExtrema-20-15/all-DNN_5layers-15,DNN_5layers,True,30,64,32,0.001,15,0.7/0.1,2001-01-01~2021-01-01,0.4736111111,0.4725030011,0.5111111111,0.4267696268,0.4264600423,0.47928571428571426,40.042857142857144,7,
DNN_Projects_l2/LocalExtrema-20-2/all-DNN_5layers-2,DNN_5layers,True,30,64,32,0.001,2,0.7/0.1,2001-01-01~2021-01-01,0.6048611111,0.5970094418,0.5333333333,0.5230511106,0.3817064855,0.5982142857142857,35.3448275862069,4,
DNN_Projects_l2/LocalExtrema-20-20/all-DNN_5layers-20,DNN_5layers,True,30,64,32,0.001,20,0.7/0.1,2001-01-01~2021-01-01,0.4104166667,0.4103140062,0.5111111111,0.4962934851,0.4182686317,0.42440476190476195,35.76923076923077,5,
DNN_Projects_l2/LocalExtrema-20-5/all-DNN_5layers-5,DNN_5layers,True,30,64,32,0.001,5,0.7/0.1,2001-01-01~2021-01-01,0.5673611111,0.5616052776,0.5111111111,0.487037037,0.4194804584,0.5639285714285713,35.71875,2,
DNN_Projects_l2/MA-20-1/all-DNN_5layers-1,DNN_5layers,True,30,64,32,0.001,1,0.7/0.1,2001-01-01~2021-01-01,0.7045454545,0.6362760221,0.5227272727,0.5142499777,0.3635354324,0.6314131754705525,35.333333333333336,2,
DNN_Projects_l2/MA-20-10/all-DNN_5layers-10,DNN_5layers,True,30,64,32,0.001,10,0.7/0.1,2001-01-01~2021-01-01,0.5383522727,0.5075757576,0.4545454545,0.4050947499,0.3526915029,0.5192774741955068,43.71875,7,
DNN_Projects_l2/MA-20-15/all-DNN_5layers-15,DNN_5layers,True,30,64,32,0.001,15,0.7/0.1,2001-01-01~2021-01-01,0.4715909091,0.4507923925,0.5,0.4617340453,0.3380949206,0.4659608378870674,44.65079365079365,8,
DNN_Projects_l2/MA-20-2/all-DNN_5layers-2,DNN_5layers,True,30,64,32,0.001,2,0.7/0.1,2001-01-01~2021-01-01,0.7215909091,0.6642194021,0.5681818182,0.5857142857,0.360735051,0.6604811778992107,35.89795918367347,5,
DNN_Projects_l2/MA-20-20/all-DNN_5layers-20,DNN_5layers,True,30,64,32,0.001,20,0.7/0.1,2001-01-01~2021-01-01,0.4900568182,0.4723398925,0.5909090909,0.5777777778,0.3849946713,0.492827868852459,46.032786885245905,6,
DNN_Projects_l2/MA-20-5/all-DNN_5layers-5,DNN_5layers,True,30,64,32,0.001,5,0.7/0.1,2001-01-01~2021-01-01,0.6342329545,0.5859067114,0.6136363636,0.6165635131,0.3583872791,0.5903726472374013,39.056603773584904,9,
DNN_Projects_l2_xavier/LocalExtrema-20-1/all-DNN_5layers-1,DNN_5layers,True,30,64,32,0.001,1,0.7/0.1,2001-01-01~2021-01-01,0.6513888889,0.6234874496,0.4666666667,0.48,0.3770717352,0.6233333333333333,35.18181818181818,4,
DNN_Projects_l2_xavier/LocalExtrema-20-10/all-DNN_5layers-10,DNN_5layers,True,30,64,32,0.001,10,0.7/0.1,2001-01-01~2021-01-01,0.4368055556,0.4367726898,0.5111111111,0.433604336,0.388300489,0.44797619047619053,39.0,3,
DNN_Projects_l2_xavier/LocalExtrema-20-15/all-DNN_5layers-15,DNN_5layers,True,30,64,32,0.001,15,0.7/0.1,2001-01-01~2021-01-01,0.4430555556,0.4429480996,0.5333333333,0.4479412536,0.4395206223,0.45333333333333337,39.214285714285715,4,
DNN_Projects_l2_xavier/LocalExtrema-20-2/all-DNN_5layers-2,DNN_5layers,True,30,64,32,0.001,2,0.7/0.1,2001-01-01~2021-01-01,0.5930555556,0.5859990109,0.5333333333,0.531248445,0.4114921225,0.5876190476190477,36.275862068965516,2,
DNN_Projects_l2_xavier/LocalExtrema-20-20/all-DNN_5layers-20,DNN_5layers,True,30,64,32,0.001,20,0.7/0.1,2001-01-01~2021-01-01,0.4326388889,0.4324678301,0.5333333333,0.4532258065,0.4397720049,0.4479761904761904,39.357142857142854,4,
DNN_Projects_l2_xavier/LocalExtrema-20-5/all-DNN_5layers-5,DNN_5layers,True,30,64,32,0.001,5,0.7/0.1,2001-01-01~2021-01-01,0.5777777778,0.5722293014,0.5555555556,0.5322454143,0.3949449898,0.5747619047619047,35.5,5,
DNN_Projects_l2_xavier/MA-20-1/all-DNN_5layers-1,DNN_5layers,True,30,64,32,0.001,1,0.7/0.1,2001-01-01~2021-01-01,0.7045454545,0.6362760221,0.5227272727,0.5142499777,0.3635354324,0.6314131754705525,35.333333333333336,2,
DNN_Projects_l2_xavier/MA-20-10/all-DNN_5layers-10,DNN_5layers,True,30,64,32,0.001,10,0.7/0.1,2001-01-01~2021-01-01,0.5383522727,0.5075757576,0.4545454545,0.4050947499,0.3526915029,0.5192774741955068,43.71875,7,
DNN_Projects_l2_xavier/MA-20-15/all-DNN_5layers-15,DNN_5layers,True,30,64,32,0.001,15,0.7/0.1,2001-01-01~2021-01-01,0.4715909091,0.4507923925,0.5,0.4617340453,0.3380949206,0.4659608378870674,44.65079365079365,8,
DNN_Projects_l2_xavier/MA-20-2/all-DNN_5layers-2,DNN_5layers,True,30,64,32,0.001,2,0.7/0.1,2001-01-01~2021-01-01,0.7215909091,0.6642194021,0.5681818182,0.5857142857,0.360735051,0.6604811778992107,35.89795918367347,5,
DNN_Projects_l2_xavier/MA-20-20/all-DNN_5layers-20,DNN_5layers,True,30,64,32,0.001,20,0.7/0.1,2001-01-01~2021-01-01,0.4900568182,0.4723398925,0.5909090909,0.5777777778,0.3849946713,0.492827868852459,46.032786885245905,6,
DNN_Projects_l2_xavier/MA-20-5/all-DNN_5layers-5,DNN_5layers,True,30,64,32,0.001,5,0.7/0.1,2001-01-01~2021-01-01,0.6342329545,0.5859067114,0.6136363636,0.6165635131,0.3583872791,0.5903726472374013,39.056603773584904,9,
DNN_Projects_l2_xavier_learningRate/LocalExtrema-20-0.0001/all-DNN_5layers-0.0001,DNN_5layers,True,30,64,32,0.0001,2,0.7/0.1,2001-01-01~2021-01-01,0.6097222222,0.6079062169,0.5555555556,0.5257352941,0.4096769493,0.6154761904761904,36.65,1,
DNN_Projects_l2_xavier_learningRate/LocalExtrema-20-0.001/all-DNN_5layers-0.001,DNN_5layers,True,30,64,32,0.001,2,0.7/0.1,2001-01-01~2021-01-01,0.5930555556,0.5859990109,0.5333333333,0.531248445,0.4114921225,0.5876190476190477,36.275862068965516,2,
DNN_Projects_l2_xavier_learningRate/LocalExtrema-20-1e-05/all-DNN_5layers-1e-05,DNN_5layers,True,30,64,32,1e-05,2,0.7/0.1,2001-01-01~2021-01-01,0.5659722222,0.5611466555,0.5333333333,0.4475524476,0.3983595497,0.5641666666666666,37.81944444444444,4,
DNN_Projects_l2_xavier_learningRate/LocalExtrema-20-1e-06/all-DNN_5layers-1e-06,DNN_5layers,True,30,64,32,1e-06,2,0.7/0.1,2001-01-01~2021-01-01,0.5173611111,0.4917916325,0.2888888889,0.1845238095,0.3775205881,0.4936904761904761,38.16470588235294,6,
DNN_Projects_l2_xavier_learningRate/MA-20-0.0001/all-DNN_5layers-0.0001,DNN_5layers,True,30,64,32,0.0001,2,0.7/0.1,2001-01-01~2021-01-01,0.6363636364,0.5838897663,0.5227272727,0.5318444996,0.3403717246,0.5867486338797814,40.30909090909091,7,
DNN_Projects_l2_xavier_learningRate/MA-20-0.001/all-DNN_5layers-0.001,DNN_5layers,True,30,64,32,0.001,2,0.7/0.1,2001-01-01~2021-01-01,0.7215909091,0.6642194021,0.5681818182,0.5857142857,0.360735051,0.6604811778992107,35.89795918367347,5,
DNN_Projects_l2_xavier_learningRate/MA-20-1e-05/all-DNN_5layers-1e-05,DNN_5layers,True,30,64,32,1e-05,2,0.7/0.1,2001-01-01~2021-01-01,0.6576704545,0.5965568079,0.4545454545,0.4234514017,0.337261298,0.5963114754098361,45.56923076923077,7,
DNN_Projects_l2_xavier_learningRate/MA-20-1e-06/all-DNN_5layers-1e-06,DNN_5layers,True,30,64,32,1e-06,2,0.7/0.1,2001-01-01~2021-01-01,0.5561079545,0.4940827807,0.3636363636,0.298989899,0.3364964226,0.494668336369156,41.970588235294116,5,
DNN_Projects_l2_xavier_learningRate_epoch/MA-20-0.0001/all-DNN_5layers-0.0001,DNN_5layers,True,30,64,32,0.0001,2,0.7/0.1,2001-01-01~2021-01-01,0.6363636364,0.5838897663,0.5227272727,0.5318444996,0.3403717246,0.5867486338797814,40.30909090909091,7,
DNN_Projects_l2_xavier_learningRate_epoch/MA-20-0.001/all-DNN_5layers-0.001,DNN_5layers,True,30,64,32,0.001,2,0.7/0.1,2001-01-01~2021-01-01,0.7215909091,0.6642194021,0.5681818182,0.5857142857,0.360735051,0.6604811778992107,35.89795918367347,5,
DNN_Projects_l2_xavier_learningRate_epoch/MA-20-1e-05/all-DNN_5layers-1e-05,DNN_5layers,True,30,64,32,1e-05,2,0.7/0.1,2001-01-01~2021-01-01,0.6740056818,0.6124870559,0.5909090909,0.5990196078,0.3773242892,0.6113198239222829,39.11764705882353,4,
DNN_Projects_l2_xavier_learningRate_epoch/MA-20-1e-06/all-DNN_5layers-1e-06,DNN_5layers,True,30,64,32,1e-06,2,0.7/0.1,2001-01-01~2021-01-01,0.671875,0.6167484039,0.4772727273,0.4455284553,0.3971770893,0.6175242865816637,45.184615384615384,5,
DNN_Projects_remake/MA-20-0.0001_4/all-DNN_5layers-0.0001,DNN_5layers,True,30,64,32,0.0001,2,0.7/0.1,2001-01-01~2021-01-01,0.6363636364,0.5838897663,0.5227272727,0.5318444996,0.3403717246,0.5867486338797814,40.30909090909091,7,
DNN_Projects_remake/MA-20-0.001_4/all-DNN_5layers-0.001,DNN_5layers,True,30,64,32,0.001,2,0.7/0.1,2001-01-01~2021-01-01,0.7215909091,0.6642194021,0.5681818182,0.5857142857,0.360735051,0.6604811778992107,35.89795918367347,5,
DNN_Projects_remake/MA-20-10_0/all-DNN_5layers-10,DNN_5layers,True,30,64,32,0.001,10,0.7/0.1,2001-01-01~2021-01-01,0.5241477273,0.4935654206,0.5227272727,0.493993994,0.3698431562,0.5045157862780814,44.0655737704918,7,
DNN_Projects_remake/MA-20-10_1/all-DNN_5layers-10,DNN_5layers,True,30,64,32,0.001,10,0.7/0.1,2001-01-01~2021-01-01,0.5099431818,0.4836021134,0.5,0.4432234432,0.3821176262,0.49685033394049793,43.76923076923077,5,
DNN_Projects_remake/MA-20-10_2/all-DNN_5layers-10,DNN_5layers,True,30,64,32,0.001,10,0.7/0.1,2001-01-01~2021-01-01,0.5383522727,0.5075757576,0.4545454545,0.4050947499,0.3526915029,0.5192774741955068,43.71875,7,
DNN_Projects_remake/MA-20-10_3/all-DNN_5layers-10,DNN_5layers,True,30,64,32,0.001,10,0.7/0.1,2001-01-01~2021-01-01,0.5383522727,0.5075757576,0.4545454545,0.4050947499,0.3526915029,0.5192774741955068,43.71875,7,
DNN_Projects_remake/MA-20-15_0/all-DNN_5layers-15,DNN_5layers,True,30,64,32,0.001,15,0.7/0.1,2001-01-01~2021-01-01,0.4637784091,0.4467525911,0.5227272727,0.4823448157,0.3523207611,0.46548649058894964,44.84615384615385,8,
DNN_Projects_remake/MA-20-15_1/all-DNN_5layers-15,DNN_5layers,True,30,64,32,0.001,15,0.7/0.1,2001-01-01~2021-01-01,0.4737215909,0.4525324875,0.5227272727,0.5038596491,0.3723352852,0.46749772313296906,45.59649122807018,2,
DNN_Projects_remake/MA-20-15_2/all-DNN_5layers-15,DNN_5layers,True,30,64,32,0.001,15,0.7/0.1,2001-01-01~2021-01-01,0.4715909091,0.4507923925,0.5,0.4617340453,0.3380949206,0.4659608378870674,44.65079365079365,8,
DNN_Projects_remake/MA-20-15_3/all-DNN_5layers-15,DNN_5layers,True,30,64,32,0.001,15,0.7/0.1,2001-01-01~2021-01-01,0.4715909091,0.4507923925,0.5,0.4617340453,0.3380949206,0.4659608378870674,44.65079365079365,8,
DNN_Projects_remake/MA-20-1_0/all-DNN_5layers-1,DNN_5layers,True,30,64,32,0.001,1,0.7/0.1,2001-01-01~2021-01-01,0.7166193182,0.6534849682,0.5,0.4888888889,0.3839519353,0.6485086520947179,33.23255813953488,3,
DNN_Projects_remake/MA-20-1_1/all-DNN_5layers-1,DNN_5layers,True,30,64,32,0.001,1,0.7/0.1,2001-01-01~2021-01-01,0.7002840909,0.6299048003,0.5909090909,0.5894660895,0.3676087483,0.6251138433515483,33.38461538461539,1,
DNN_Projects_remake/MA-20-1_2/all-DNN_5layers-1,DNN_5layers,True,30,64,32,0.001,1,0.7/0.1,2001-01-01~2021-01-01,0.7045454545,0.6362760221,0.5227272727,0.5142499777,0.3635354324,0.6314131754705525,35.333333333333336,2,
DNN_Projects_remake/MA-20-1_3/all-DNN_5layers-1,DNN_5layers,True,30,64,32,0.001,1,0.7/0.1,2001-01-01~2021-01-01,0.7045454545,0.6362760221,0.5227272727,0.5142499777,0.3635354324,0.6314131754705525,35.333333333333336,2,
DNN_Projects_remake/MA-20-1e-05_4/all-DNN_5layers-1e-05,DNN_5layers,True,30,64,32,1e-05,2,0.7/0.1,2001-01-01~2021-01-01,0.6576704545,0.5965568079,0.4545454545,0.4234514017,0.337261298,0.5963114754098361,45.56923076923077,7,
DNN_Projects_remake/MA-20-1e-05_5/all-DNN_5layers-1e-05,DNN_5layers,True,30,64,32,1e-05,2,0.7/0.1,2001-01-01~2021-01-01,0.6740056818,0.6124870559,0.5909090909,0.5990196078,0.3773242892,0.6113198239222829,39.11764705882353,4,
DNN_Projects_remake/MA-20-1e-06_4/all-DNN_5layers-1e-06,DNN_5layers,True,30,64,32,1e-06,2,0.7/0.1,2001-01-01~2021-01-01,0.5561079545,0.4940827807,0.3636363636,0.298989899,0.3364964226,0.494668336369156,41.970588235294116,5,
DNN_Projects_remake/MA-20-1e-06_5/all-DNN_5layers-1e-06,DNN_5layers,True,30,64,32,1e-06,2,0.7/0.1,2001-01-01~2021-01-01,0.671875,0.6167484039,0.4772727273,0.4455284553,0.3971770893,0.6175242865816637,45.184615384615384,5,
DNN_Projects_remake/MA-20-20_0/all-DNN_5layers-20,DNN_5layers,True,30,64,32,0.001,20,0.7/0.1,2001-01-01~2021-01-01,0.5369318182,0.5103601297,0.5227272727,0.5096716149,0.356875641,0.5253491196114146,44.654545454545456,8,
DNN_Projects_remake/MA-20-20_1/all-DNN_5layers-20,DNN_5layers,True,30,64,32,0.001,20,0.7/0.1,2001-01-01~2021-01-01,0.5,0.4826285297,0.5,0.4729059829,0.3542030616,0.5045157862780814,45.80327868852459,6,
DNN_Projects_remake/MA-20-20_2/all-DNN_5layers-20,DNN_5layers,True,30,64,32,0.001,20,0.7/0.1,2001-01-01~2021-01-01,0.4900568182,0.4723398925,0.5909090909,0.5777777778,0.3849946713,0.492827868852459,46.032786885245905,6,
DNN_Projects_remake/MA-20-20_3/all-DNN_5layers-20,DNN_5layers,True,30,64,32,0.001,20,0.7/0.1,2001-01-01~2021-01-01,0.4900568182,0.4723398925,0.5909090909,0.5777777778,0.3849946713,0.492827868852459,46.032786885245905,6,
DNN_Projects_remake/MA-20-2_0/all-DNN_5layers-2,DNN_5layers,True,30,64,32,0.001,2,0.7/0.1,2001-01-01~2021-01-01,0.6860795455,0.6309957498,0.5454545455,0.5675990676,0.3646616273,0.6309957498482089,36.883720930232556,6,
DNN_Projects_remake/MA-20-2_1/all-DNN_5layers-2,DNN_5layers,True,30,64,32,0.001,2,0.7/0.1,2001-01-01~2021-01-01,0.6796875,0.6094793842,0.5454545455,0.5584045584,0.360735051,0.606386612021858,36.714285714285715,5,
DNN_Projects_remake/MA-20-2_2/all-DNN_5layers-2,DNN_5layers,True,30,64,32,0.001,2,0.7/0.1,2001-01-01~2021-01-01,0.7215909091,0.6642194021,0.5681818182,0.5857142857,0.360735051,0.6604811778992107,35.89795918367347,5,
DNN_Projects_remake/MA-20-2_3/all-DNN_5layers-2,DNN_5layers,True,30,64,32,0.001,2,0.7/0.1,2001-01-01~2021-01-01,0.7215909091,0.6642194021,0.5681818182,0.5857142857,0.360735051,0.6604811778992107,35.89795918367347,5,
DNN_Projects_remake/MA-20-5_0/all-DNN_5layers-5,DNN_5layers,True,30,64,32,0.001,5,0.7/0.1,2001-01-01~2021-01-01,0.5987215909,0.5481599411,0.5227272727,0.524664751,0.3574074074,0.5518556466302368,40.370370370370374,6,
DNN_Projects_remake/MA-20-5_1/all-DNN_5layers-5,DNN_5layers,True,30,64,32,0.001,5,0.7/0.1,2001-01-01~2021-01-01,0.6342329545,0.5479975241,0.4772727273,0.4821428571,0.3576510721,0.5471501214329083,40.2962962962963,6,
DNN_Projects_remake/MA-20-5_2/all-DNN_5layers-5,DNN_5layers,True,30,64,32,0.001,5,0.7/0.1,2001-01-01~2021-01-01,0.6342329545,0.5859067114,0.6136363636,0.6165635131,0.3583872791,0.5903726472374013,39.056603773584904,9,
DNN_Projects_remake/MA-20-5_3/all-DNN_5layers-5,DNN_5layers,True,30,64,32,0.001,5,0.7/0.1,2001-01-01~2021-01-01,0.6342329545,0.5859067114,0.6136363636,0.6165635131,0.3583872791,0.5903726472374013,39.056603773584904,9,
DNN_Projects_steps/MA-20-2-1e-05-128-32/all-DNN_5layers-1e-05,DNN_5layers,True,30,64,32,1e-05,2,0.7/0.1,2001-01-01~2021-01-01,0.6399147727,0.5770030487,0.4772727273,0.4310776942,0.3378504517,0.5770529751062539,43.25396825396825,7,
DNN_Projects_steps/MA-20-2-1e-05-128-64/all-DNN_5layers-1e-05,DNN_5layers,True,30,64,64,1e-05,2,0.7/0.1,2001-01-01~2021-01-01,0.5930397727,0.5518202801,0.6363636364,0.4713804714,0.4085128947,0.5513363028953229,51.03703703703704,4,
DNN_Projects_steps/MA-20-2-1e-05-256-32/all-DNN_5layers-1e-05,DNN_5layers,True,30,64,32,1e-05,2,0.7/0.1,2001-01-01~2021-01-01,0.6399147727,0.5770030487,0.4772727273,0.4310776942,0.3378504517,0.5770529751062539,43.25396825396825,7,
DNN_Projects_steps/MA-20-2-1e-05-256-64/all-DNN_5layers-1e-05,DNN_5layers,True,30,64,64,1e-05,2,0.7/0.1,2001-01-01~2021-01-01,0.5930397727,0.5518202801,0.6363636364,0.4713804714,0.4085128947,0.5513363028953229,51.03703703703704,4,
DNN_Projects_steps/MA-20-2-1e-05-64-32/all-DNN_5layers-1e-05,DNN_5layers,True,30,64,32,1e-05,2,0.7/0.1,2001-01-01~2021-01-01,0.6399147727,0.5770030487,0.4772727273,0.4310776942,0.3378504517,0.5770529751062539,43.25396825396825,7,
DNN_Projects_steps/MA-20-2-1e-05-64-64/all-DNN_5layers-1e-05,DNN_5layers,True,30,64,64,1e-05,2,0.7/0.1,2001-01-01~2021-01-01,0.5930397727,0.5518202801,0.6363636364,0.4713804714,0.4085128947,0.5513363028953229,51.03703703703704,4,
DNN_Projects_weights_learningRate/MA-20-1-0.0001/all-DNN_5layers-0.0001,DNN_5layers,True,30,64,32,0.0001,1,0.7/0.1,2001-01-01~2021-01-01,0.6988636364,0.6460230723,0.4772727273,0.4775707384,0.345896212,0.6460230722525805,31.70731707317073,1,
DNN_Projects_weights_learningRate/MA-20-1-0.01/all-DNN_5layers-0.01,DNN_5layers,True,30,64,32,0.01,1,0.7/0.1,2001-01-01~2021-01-01,0.7237215909,0.5981850128,0.5454545455,0.4320987654,0.3277938343,0.5968617182756527,26.818181818181817,1,
DNN_Projects_weights_learningRate/MA-20-1-1e-05/all-DNN_5layers-1e-05,DNN_5layers,True,30,64,32,1e-05,1,0.7/0.1,2001-01-01~2021-01-01,0.7173295455,0.671480864,0.5227272727,0.5356989247,0.3595370317,0.6735352155434122,38.372549019607845,5,
DNN_Projects_weights_learningRate/MA-20-1-1e-06/all-DNN_5layers-1e-06,DNN_5layers,True,30,64,32,1e-06,1,0.7/0.1,2001-01-01~2021-01-01,0.7208806818,0.6545432411,0.4090909091,0.4458443127,0.3562183372,0.64835686095932,43.92982456140351,7,
DNN_Projects_weights_learningRate/MA-20-10-1e-06/all-DNN_5layers-1e-06,DNN_5layers,True,30,64,32,1e-06,10,0.7/0.1,2001-01-01~2021-01-01,0.4801136364,0.4614665956,0.4090909091,0.3583489681,0.3379952429,0.47984972677595633,45.93846153846154,5,
DNN_Projects_weights_learningRate/MA-20-15-0.0001/all-DNN_5layers-0.0001,DNN_5layers,True,30,64,32,0.0001,15,0.7/0.1,2001-01-01~2021-01-01,0.4971590909,0.4671763657,0.5454545455,0.5246288799,0.3709408634,0.47666211293260474,42.47457627118644,7,
DNN_Projects_weights_learningRate/MA-20-15-0.001/all-DNN_5layers-0.001,DNN_5layers,True,30,64,32,0.001,15,0.7/0.1,2001-01-01~2021-01-01,0.4715909091,0.4507923925,0.5,0.4617340453,0.3380949206,0.4659608378870674,44.65079365079365,8,
DNN_Projects_weights_learningRate/MA-20-15-1e-06/all-DNN_5layers-1e-06,DNN_5layers,True,30,64,32,1e-06,15,0.7/0.1,2001-01-01~2021-01-01,0.4502840909,0.4335506003,0.4318181818,0.3728395062,0.3685501884,0.4512370977534912,43.93650793650794,4,
DNN_Projects_weights_learningRate/MA-20-2-0.0001/all-DNN_5layers-0.0001,DNN_5layers,True,30,64,32,0.0001,2,0.7/0.1,2001-01-01~2021-01-01,0.6363636364,0.5838897663,0.5227272727,0.5318444996,0.3403717246,0.5867486338797814,40.30909090909091,7,
DNN_Projects_weights_learningRate/MA-20-2-0.001/all-DNN_5layers-0.001,DNN_5layers,True,30,64,32,0.001,2,0.7/0.1,2001-01-01~2021-01-01,0.7215909091,0.6642194021,0.5681818182,0.5857142857,0.360735051,0.6604811778992107,35.89795918367347,5,
DNN_Projects_weights_learningRate/MA-20-2-0.01/all-DNN_5layers-0.01,DNN_5layers,True,30,64,32,0.01,2,0.7/0.1,2001-01-01~2021-01-01,0.6974431818,0.654181705,0.5227272727,0.4956521739,0.3853470322,0.6591909532483302,42.73770491803279,3,
DNN_Projects_weights_learningRate/MA-20-2-1e-05/all-DNN_5layers-1e-05,DNN_5layers,True,30,64,32,1e-05,2,0.7/0.1,2001-01-01~2021-01-01,0.6399147727,0.5770030487,0.4772727273,0.4310776942,0.3378504517,0.5770529751062539,43.25396825396825,7,
DNN_Projects_weights_learningRate/MA-20-2-1e-06/all-DNN_5layers-1e-06,DNN_5layers,True,30,64,32,1e-06,2,0.7/0.1,2001-01-01~2021-01-01,0.6420454545,0.571882594,0.5227272727,0.500667334,0.3542030616,0.5708485124468731,44.19672131147541,8,
DNN_Projects_weights_learningRate/MA-20-20-0.001/all-DNN_5layers-0.001,DNN_5layers,True,30,64,32,0.001,20,0.7/0.1,2001-01-01~2021-01-01,0.4900568182,0.4723398925,0.5909090909,0.5777777778,0.3849946713,0.492827868852459,46.032786885245905,6,
DNN_Projects_weights_learningRate/MA-20-20-0.01/all-DNN_5layers-0.01,DNN_5layers,True,30,64,32,0.01,20,0.7/0.1,2001-01-01~2021-01-01,0.4169034091,0.3974484676,0.4772727273,0.4596491228,0.3542030616,0.4084509714632665,48.50819672131148,6,
DNN_Projects_weights_learningRate/MA-20-20-1e-06/all-DNN_5layers-1e-06,DNN_5layers,True,30,64,32,1e-06,20,0.7/0.1,2001-01-01~2021-01-01,0.4254261364,0.4127329393,0.3409090909,0.2816537468,0.3492614117,0.4333067698846388,45.458333333333336,3,
DNN_Projects_weights_learningRate/MA-20-5-0.001/all-DNN_5layers-0.001,DNN_5layers,True,30,64,32,0.001,5,0.7/0.1,2001-01-01~2021-01-01,0.6342329545,0.5859067114,0.6136363636,0.6165635131,0.3583872791,0.5903726472374013,39.056603773584904,9,
DNN_Projects_weights_learningRate/MA-20-5-1e-06/all-DNN_5layers-1e-06,DNN_5layers,True,30,64,32,1e-06,5,0.7/0.1,2001-01-01~2021-01-01,0.5646306818,0.5347185872,0.4318181818,0.3682170543,0.3505542654,0.548554189435337,42.89855072463768,4,
