model,strategy,cagr,vol,sharpe,max_dd
ENS-all,buy_hold,0.07762278984565185,0.18614235680099772,0.49497535431127276,-0.5295877281299964
ENS-all,ma20_long,0.006502114950274196,0.10966687729682079,0.11418418858029729,-0.38433536548880964
ENS-all,model_long,0.019763967169162955,0.1272745193279041,0.21786026698078256,-0.4141342624461809
ENS-all,model_long_short,-0.05281869416512808,0.18631934509414066,-0.1975394016017143,-0.6832097728373129
ENS-all,model_peak_exit,0.05900872671514157,0.18058758126399424,0.40803148365584724,-0.5724932377470744
ENS-all,model_reversal_switch,0.030326473949927157,0.16920847712591655,0.2613783147468454,-0.5355530742622063
ENS-hazard,model_long,0.0225270452016062,0.12820853694873507,0.23831949564847837,-0.41567160004603454
ENS-hazard,model_long_short,-0.047446067823297744,0.18630446763342995,-0.16721201658029403,-0.6882573486028828
ENS-hazard,model_peak_exit,0.06552790603072389,0.17937068363024464,0.4437840050190185,-0.5652992514129311
ENS-hazard,model_reversal_switch,0.03547651509034333,0.16535674817892898,0.2937075746703374,-0.5292600553684922
GRU-bce16,model_long,0.03881361131240979,0.1311372744553456,0.3563542168365128,-0.37347307633233207
GRU-bce16,model_long_short,-0.016118493989090377,0.1863694371230163,0.006444769244054551,-0.5734025740517812
GRU-bce16,model_peak_exit,0.06369606262317351,0.17856671407368896,0.43533120382108026,-0.4729057766115843
GRU-bce16,model_reversal_switch,0.031094908121046094,0.15815008614034679,0.2728650387020271,-0.46716204837049924
GRU-hazard,model_long,0.025600959108834198,0.1256590957484504,0.26438367979018446,-0.36361820196732275
GRU-hazard,model_long_short,-0.04233660243379711,0.18634085576162135,-0.1385477440561779,-0.632060700329655
GRU-hazard,model_peak_exit,0.08229989979210894,0.17169861778911888,0.5466000327945036,-0.34615208908080697
GRU-hazard,model_reversal_switch,0.05824398244385698,0.1633996388295171,0.4282226824386036,-0.3223653673253183
GRU-hazard-h32-lr3e-4-do0.3-wd1e-3,model_long,0.04905254736079989,0.1270115610450698,0.44087825506211764,-0.31713571810222063
GRU-hazard-h32-lr3e-4-do0.3-wd1e-3,model_long_short,0.002376408175530198,0.1863269090210056,0.10623567302194614,-0.43526444069294445
GRU-hazard-h32-lr3e-4-do0.3-wd1e-3,model_peak_exit,0.06901978925739649,0.1740725222991274,0.4706054047898939,-0.3850219904065856
GRU-hazard-h32-lr3e-4-do0.3-wd1e-3,model_reversal_switch,0.027494151231512554,0.14932474418345332,0.25632466502447976,-0.4035642970213381
MLP-hazard,model_long,0.03351282324983251,0.12644264773003427,0.3243759430096835,-0.3804556077991873
MLP-hazard,model_long_short,-0.027306375424058893,0.18633493422111097,-0.05490987136408273,-0.6770032548951905
MLP-hazard,model_peak_exit,0.05100306686034917,0.1764657492283654,0.3703576262153249,-0.5518236823076685
MLP-hazard,model_reversal_switch,0.025089469839576495,0.15882572222475375,0.23563416627950168,-0.47306868244933
MLP-hazard-lr3e-4-do0.3-wd1e-3,model_long,0.02399278077262279,0.128617652357908,0.24910363633941104,-0.4327105968853552
MLP-hazard-lr3e-4-do0.3-wd1e-3,model_long_short,-0.044622615576322855,0.18636879923486455,-0.1512231863586559,-0.7328495564722732
MLP-hazard-lr3e-4-do0.3-wd1e-3,model_peak_exit,0.05687400738146353,0.1761341810631357,0.4023546865030667,-0.5341502317172462
MLP-hazard-lr3e-4-do0.3-wd1e-3,model_reversal_switch,0.011103378498898753,0.15672664157874502,0.1490199425920018,-0.47606226471977864
TCN-hazard,model_long,0.014846556708118408,0.13207603770120993,0.17810672613685907,-0.4129778093036428
TCN-hazard,model_long_short,-0.06076003081125081,0.18630104556370125,-0.2426946771529492,-0.7465186564416397
TCN-hazard,model_peak_exit,0.07884364692053492,0.18006741196302256,0.5117579068019751,-0.5349079118791831
TCN-hazard,model_reversal_switch,0.04427834741078751,0.1684769028023218,0.3416327398691924,-0.47732827803448163
intl/GRU-hazard,model_long,0.024413378735863356,0.12983357229391979,0.2510915627861434,-0.44795403574754966
intl/GRU-hazard,model_long_short,-0.04352449971880279,0.18629000269467647,-0.14526439383506307,-0.6426681196281532
intl/GRU-hazard,model_peak_exit,0.06812754500266949,0.17821355602858785,0.45915567197840457,-0.48926208351996214
intl/GRU-hazard,model_reversal_switch,0.04376353254168497,0.1661739495522919,0.3410515799325394,-0.4250663645359447
intl/MLP-hazard,model_long,0.007359565001712642,0.12569160538614899,0.12166077895745367,-0.5108559950990859
intl/MLP-hazard,model_long_short,-0.07609629824072017,0.18631190181180776,-0.3310473223649859,-0.8189375016438427
intl/MLP-hazard,model_peak_exit,0.0519254291579343,0.17574983601957467,0.3760827880050981,-0.4612526855635657
intl/MLP-hazard,model_reversal_switch,0.047730388338594,0.1394140940014712,0.4043366350716518,-0.32236536732531806
lgbm,model_long,0.057836348848835595,0.15303991294941388,0.4441655627794153,-0.3229162276865125
lgbm,model_long_short,0.02659356796104717,0.18625050776396632,0.2342316161537074,-0.3522020152947305
lgbm,model_peak_exit,0.05550983953890287,0.17518613796727822,0.39618082813125094,-0.40580144121583595
lgbm,model_reversal_switch,0.033318967675717515,0.13114773381379266,0.3155536288587513,-0.2747785955445662
logreg,model_long,0.00592140796627838,0.12571563014300785,0.1102200024578425,-0.367103199768688
logreg,model_long_short,-0.07873745272771404,0.1863549230422768,-0.3463754983155653,-0.7958378528376527
logreg,model_peak_exit,0.051186855836062195,0.17958559776568653,0.3680127279078002,-0.5577193579885449
logreg,model_reversal_switch,-0.0036445531265763,0.15989103929489762,0.05730376505051375,-0.5583420923244734
nomacro/GRU-hazard,model_long,0.01913137092119266,0.12876593919684448,0.21200511611375092,-0.41656984960112153
nomacro/GRU-hazard,model_long_short,-0.053635320959762534,0.18633638481126108,-0.20212615863719544,-0.6966163746127467
nomacro/GRU-hazard,model_peak_exit,0.08156213879607721,0.17820104435847575,0.5292351075529833,-0.40523447794146317
nomacro/GRU-hazard,model_reversal_switch,0.04351778962297281,0.1622735247121642,0.34373279856393535,-0.37998137219555606
