model,trend_auc,trend_auc_d1_2,trend_auc_d6_16,event5_auc,event5_ap,event5_base_rate,event10_auc,event10_ap,event10_base_rate,folds_trend_beats_rule,folds_event10_beats_age
ENS-all,0.6347692839265446,0.7675477910856043,0.5754866250130938,0.5937761034488701,0.15761810914831126,0.11001560399540923,0.5918348510491432,0.27837114321905365,0.21680897395817672,7,7
ENS-hazard,0.6315407726704483,0.7628629886669025,0.5728521375942418,0.5788910487173703,0.15382121232376203,0.11001560399540923,0.5823987459019139,0.27101496849217793,0.21680897395817672,5,7
GRU-bce16,0.6128756827181041,0.7527720664237325,0.5513367015249465,0.568874312593421,0.15212197020114615,0.11001560399540923,0.5572373255944126,0.26651437880470913,0.21680897395817672,4,5
GRU-hazard,0.6077691592017551,0.7578406086902383,0.533123125360045,0.611353582942264,0.17858624802683087,0.11001560399540923,0.594377843739104,0.3039249146995837,0.21680897395817672,6,8
GRU-hazard-h32-lr3e-4-do0.3-wd1e-3,0.6122519893494109,0.7507487842102163,0.5430822253742471,0.5913377757219296,0.17319717234887802,0.11001560399540923,0.5723133083400893,0.28795554432219544,0.21680897395817672,5,6
MLP-hazard,0.6321376586070682,0.7646794089575638,0.578732522574848,0.5373240807095215,0.14056776494113113,0.11001560399540923,0.5501709183032306,0.27144884566110733,0.21680897395817672,7,6
MLP-hazard-lr3e-4-do0.3-wd1e-3,0.6317273054724248,0.763220137034376,0.5796298308826011,0.533867887606569,0.1381045995550543,0.11001560399540923,0.5486769785674724,0.26563769467475273,0.21680897395817672,7,6
TCN-hazard,0.6257345779241659,0.7545395181717163,0.5693892187296646,0.546803146563377,0.14389884848263299,0.11001560399540923,0.5580962493209317,0.26692198663705113,0.21680897395817672,5,5
intl/GRU-hazard,0.6303310620113195,0.7626874346691586,0.5686807531780524,0.5976352224484213,0.16565395096966865,0.11001560399540923,0.5788252294743861,0.28633307866636776,0.21680897395817672,5,7
intl/MLP-hazard,0.6328174572238934,0.7705649058583849,0.5722903142255489,0.532147131119678,0.14007994478633096,0.11001560399540923,0.5461131022335233,0.25444016868564556,0.21680897395817672,6,4
lgbm,0.5623958326561369,0.7170424306529658,0.5118104190555293,0.52131208237231,0.16117644813425977,0.11001560399540923,0.4985902168473733,0.2403849543744173,0.21680897395817672,2,4
logreg,0.6131430538978588,0.7443011412533038,0.5599541077652168,0.5284466573921054,0.13737512861834766,0.11001560399540923,0.5197618035371652,0.24403000054403445,0.21680897395817672,5,4
nomacro/GRU-hazard,0.6213550790500814,0.7529764989367741,0.5573917798838277,0.6062628322850452,0.1749227420543986,0.11001560399540923,0.5871907669469776,0.30195368386729593,0.21680897395817672,5,7
rule,0.6120780498241063,0.7627023352985967,0.5655923142111066,0.5351728052140096,0.1258858550285428,0.11001560399540923,0.5210358047214404,0.23630153847359897,0.21680897395817672,0,0
