fold,model,trend_auc,trend_auc_d1_2,trend_auc_d6_16,event5_auc,event5_ap,event5_base_rate,event10_auc,event10_ap,event10_base_rate
0,rule,0.7302885024486494,0.8342393567167536,0.696338148576377,0.5598309178743962,0.10304393093557106,0.0891089108910891,0.5207172054998142,0.1878467374512437,0.1801980198019802
0,ENS-hazard,0.7291197150341779,0.8279158055273553,0.6921144158157947,0.644927536231884,0.20167402806466828,0.0891089108910891,0.6034931252322557,0.2730648078449021,0.1801980198019802
0,ENS-reg,0.7334893543127414,0.8261388428974794,0.7026944385514141,0.5539613526570049,0.12520932243742047,0.0891089108910891,0.5473005255613952,0.23101957383942057,0.1801980198019802
0,GRU-bce16,0.631109239186882,0.8018699125233058,0.562345448592851,0.5838647342995169,0.1441585304333113,0.0891089108910891,0.5328343154430111,0.22513539825328407,0.1801980198019802
0,GRU-hazard,0.5834607054320005,0.8349444722016997,0.44729107729999157,0.6145410628019324,0.198695260877432,0.0891089108910891,0.6028295376121462,0.30969724493924267,0.1801980198019802
0,GRU-hazard-h32-lr3e-4-do0.3-wd1e-3,0.6569784510154528,0.8283722038256585,0.5429206806712386,0.552657004830918,0.20057174763376207,0.0891089108910891,0.545230132186654,0.2827275623402165,0.1801980198019802
0,MLP-hazard,0.7366079158334494,0.8262587952111058,0.7012657639170722,0.49425120772946857,0.13815311371562977,0.0891089108910891,0.49493019058236454,0.2703502807255755,0.1801980198019802
0,MLP-hazard-lr3e-4-do0.3-wd1e-3,0.7411059507224135,0.8262673863030348,0.708856300199505,0.47816425120772943,0.10570342547722815,0.0891089108910891,0.4783935870892393,0.2291992606978643,0.1801980198019802
0,TCN-hazard,0.7154308282112083,0.8123140226995289,0.6737952013582454,0.5426086956521738,0.1277391898081751,0.0891089108910891,0.5421776291341509,0.2295100961017988,0.1801980198019802
0,gspc/GRU-hazard,0.679143715597015,0.8077759421816376,0.6227597709729245,0.5863768115942029,0.14483379862123097,0.0891089108910891,0.5771885119711208,0.25089350969107505,0.1801980198019802
0,lgbm,0.4327384305225434,0.6685881552705417,0.36374161144841255,0.5030917874396135,0.112137863493565,0.0891089108910891,0.4689706428836863,0.1737544926064128,0.1801980198019802
0,logreg,0.6455280945782789,0.8073150130281925,0.5910550808741056,0.5998550724637681,0.11352745304751001,0.0891089108910891,0.5440091309656527,0.26560686142919043,0.1801980198019802
0,noconf/GRU-hazard,0.7477765073635213,0.836353651201151,0.7196028098272527,0.6046859903381643,0.22140163012963582,0.0891089108910891,0.5872485002919786,0.3212823447808906,0.1801980198019802
0,nomacro/GRU-hazard,0.7346740455249201,0.8254986450620729,0.7075491390824301,0.6017391304347827,0.20400520229919686,0.0891089108910891,0.5741890959282263,0.27846425632375205,0.1801980198019802
1,rule,0.5818508607008844,0.7409576637572395,0.5325392579111665,0.387393021724819,0.11649268698673161,0.1388888888888889,0.4127722479550606,0.23562415380284346,0.2757936507936508
1,ENS-hazard,0.5783498598176151,0.7147972917856268,0.513041372205585,0.5449967083607636,0.15043330236095798,0.1388888888888889,0.6108800630728295,0.32902250513522036,0.2757936507936508
1,ENS-reg,0.5784861451443198,0.71089811567012,0.5155905401954015,0.5640223831468071,0.1651389434257797,0.1388888888888889,0.5834630925396669,0.3075222589772879,0.2757936507936508
1,GRU-bce16,0.4926204208529189,0.7126682437392935,0.3762623362712144,0.4440092165898618,0.12363295233810573,0.1388888888888889,0.41044643737065145,0.23437376718120956,0.2757936507936508
1,GRU-hazard,0.6099149458276997,0.7209886613916306,0.5622778747380452,0.6187623436471363,0.2329669104037677,0.1388888888888889,0.6035281363949936,0.3695304976432551,0.2757936507936508
1,GRU-hazard-h32-lr3e-4-do0.3-wd1e-3,0.6265432238648311,0.7217309731625745,0.588788960682392,0.5821263989466755,0.21244638759056575,0.1388888888888889,0.5609145560264117,0.33504106340473416,0.2757936507936508
1,MLP-hazard,0.5711189178523757,0.7201484623541887,0.5099283099091957,0.4464121132323898,0.12430816449153821,0.1388888888888889,0.532255839164285,0.28987979114668105,0.2757936507936508
1,MLP-hazard-lr3e-4-do0.3-wd1e-3,0.5700784575794845,0.708646708540664,0.513182506182457,0.4518433179723502,0.13046719771450668,0.1388888888888889,0.5087414999507244,0.2737641044836192,0.2757936507936508
1,TCN-hazard,0.553996661360582,0.69276449955135,0.49609849695097713,0.5748847926267281,0.18238290695820714,0.1388888888888889,0.6254459446141717,0.40468629232250003,0.2757936507936508
1,gspc/GRU-hazard,0.6049164021975961,0.7284607227343176,0.5487328929511519,0.5748189598420014,0.19801119300408476,0.1388888888888889,0.5629250024637824,0.3150449220758814,0.2757936507936508
1,lgbm,0.47325382909105096,0.6588139326209316,0.41665963209459883,0.47969058591178404,0.16546147504612208,0.1388888888888889,0.49969449098255636,0.27932685678784963,0.2757936507936508
1,logreg,0.4917197567699496,0.6811077575658699,0.421795716070338,0.5196840026333114,0.14379423568765975,0.1388888888888889,0.5384251502907262,0.3234123337312835,0.2757936507936508
1,noconf/GRU-hazard,0.5629948442016146,0.6777959050493515,0.5046487234393756,0.5866359447004609,0.2084011487692514,0.1388888888888889,0.5404355967280969,0.3321897602799528,0.2757936507936508
1,nomacro/GRU-hazard,0.5337523857113484,0.6818826984256465,0.4546838793173432,0.5673469387755101,0.18195999075159844,0.1388888888888889,0.5190105449886667,0.32861619490981203,0.2757936507936508
2,rule,0.5819728443469564,0.7535833731485905,0.5240381137540724,0.5963938053097345,0.13421773910118415,0.099601593625498,0.5836642156862746,0.24896542381649894,0.20318725099601595
2,ENS-hazard,0.6261200077294448,0.7639154323936933,0.5495420498915116,0.5347787610619469,0.10956792766493778,0.099601593625498,0.5174264705882352,0.20009709501771727,0.20318725099601595
2,ENS-reg,0.6301524328273066,0.7645226150660933,0.552858335675344,0.5508407079646017,0.12447682646263589,0.099601593625498,0.5248774509803922,0.2109829798890266,0.20318725099601595
2,GRU-bce16,0.6306450499347587,0.7448837394489569,0.5674747904739217,0.5806194690265486,0.14163076063618135,0.099601593625498,0.5977450980392157,0.3184434306461555,0.20318725099601595
2,GRU-hazard,0.6299640951091977,0.7541308329351808,0.5529778609717005,0.6363274336283187,0.1854331847961324,0.099601593625498,0.6379901960784313,0.3765850145324713,0.20318725099601595
2,GRU-hazard-h32-lr3e-4-do0.3-wd1e-3,0.6517331659905974,0.7590082019429845,0.6235010573389009,0.6732300884955752,0.21801271552499576,0.099601593625498,0.7025,0.41024832243265363,0.20318725099601595
2,MLP-hazard,0.5919936220509796,0.7586797260710305,0.5207703081729173,0.4577433628318584,0.09153248235651112,0.099601593625498,0.40375000000000005,0.16464461949471582,0.20318725099601595
2,MLP-hazard-lr3e-4-do0.3-wd1e-3,0.5897643097902829,0.7562410415671286,0.5150855467852378,0.46849557522123897,0.09674240091024819,0.099601593625498,0.41387254901960785,0.16857048109407285,0.20318725099601595
2,TCN-hazard,0.6556725986169539,0.774884535754101,0.5983428582740352,0.506150442477876,0.15050433278791198,0.099601593625498,0.5547058823529412,0.2391372295273922,0.20318725099601595
2,gspc/GRU-hazard,0.6220656748241108,0.7506768593725115,0.5386715486105429,0.6576106194690265,0.18712341515805236,0.099601593625498,0.6658823529411765,0.3913307336648344,0.20318725099601595
2,lgbm,0.6532882731903592,0.7875457875457876,0.5997274007349129,0.6012389380530974,0.2051324380515755,0.099601593625498,0.5998039215686275,0.2905334834366735,0.20318725099601595
2,logreg,0.6609210613098478,0.780916547220895,0.5911609244326358,0.6108407079646018,0.13721641816407731,0.099601593625498,0.5740686274509804,0.24919160868285195,0.20318725099601595
2,noconf/GRU-hazard,0.6248571460529497,0.7481485905398948,0.5388276660918249,0.6493362831858408,0.20602907498788126,0.099601593625498,0.6666421568627452,0.40462238407728607,0.20318725099601595
2,nomacro/GRU-hazard,0.634638172117455,0.7613871635610767,0.5583906885742518,0.6966814159292035,0.2411631572877315,0.099601593625498,0.7275735294117647,0.4330257528190234,0.20318725099601595
3,rule,0.5288918516103829,0.6562602853074596,0.4923110553612424,0.44445417907832485,0.12216118890947983,0.12896825396825398,0.4805664062500001,0.2234822223883887,0.23809523809523808
3,ENS-hazard,0.5753990465862981,0.6778556087660843,0.5408912965820188,0.5537059751182759,0.13591393284152972,0.12896825396825398,0.5311848958333333,0.23379276054584838,0.23809523809523808
3,ENS-reg,0.5743351785410282,0.6761194115618641,0.5427172147330245,0.5393727001927457,0.13375431272757615,0.12896825396825398,0.5375,0.24141658981416414,0.23809523809523808
3,GRU-bce16,0.6510191251180746,0.6882087803725738,0.653477718663311,0.6059225512528473,0.2345022503980142,0.12896825396825398,0.5613715277777778,0.2705370889261091,0.23809523809523808
3,GRU-hazard,0.5704162027545575,0.6830594641066434,0.5291226653319908,0.6028736639214999,0.19745479912178282,0.12896825396825398,0.6029730902777778,0.3500166049186405,0.23809523809523808
3,GRU-hazard-h32-lr3e-4-do0.3-wd1e-3,0.5420910151329846,0.66359336923229,0.4893072651387796,0.5200280357455755,0.1290048309084624,0.12896825396825398,0.5564453125,0.25357515384471696,0.23809523809523808
3,MLP-hazard,0.5772213909909742,0.6729274083944552,0.5446305245936915,0.5327142106185386,0.1317952517226444,0.12896825396825398,0.5047960069444445,0.2216472108767959,0.23809523809523808
3,MLP-hazard-lr3e-4-do0.3-wd1e-3,0.5779573907543175,0.6709904800287578,0.5479059577048999,0.5545470474855441,0.1353428841057761,0.12896825396825398,0.5323133680555556,0.2309447178903745,0.23809523809523808
3,TCN-hazard,0.574669934812071,0.6747128842927164,0.5408785327991493,0.5593131242333976,0.13654083592438654,0.12896825396825398,0.5510199652777777,0.24323538241548104,0.23809523809523808
3,gspc/GRU-hazard,0.5434798150016633,0.6545172228701215,0.49626439279755324,0.5175048186437708,0.1641219904568298,0.12896825396825398,0.5255859375,0.2921345280076243,0.23809523809523808
3,lgbm,0.6416028452180389,0.6820785959923108,0.635220736628892,0.5971263360785002,0.19497156849982492,0.12896825396825398,0.5365668402777778,0.24675713633933294,0.23809523809523808
3,logreg,0.5935006094782791,0.6410148138418478,0.5874386319466105,0.5068512353250395,0.1354025473179833,0.12896825396825398,0.5049262152777777,0.22978110886951472,0.23809523809523808
3,noconf/GRU-hazard,0.5703508756156774,0.6804788682214624,0.5331497176500747,0.5655510776239705,0.1709816900138847,0.12896825396825398,0.5469835069444445,0.28623043678103427,0.23809523809523808
3,nomacro/GRU-hazard,0.568974619137705,0.6848120143409901,0.5271894033398316,0.5993691957245488,0.1681564376072887,0.12896825396825398,0.5904296874999999,0.30971972991600927,0.23809523809523808
4,rule,0.6647717768721383,0.814316728710327,0.6124541213715801,0.6127840909090908,0.15318457144841605,0.10934393638170974,0.5924067433521166,0.2639691836900051,0.21669980119284293
4,ENS-hazard,0.659661820511203,0.8223094551239609,0.5915419805107871,0.6281249999999999,0.18911828405954767,0.10934393638170974,0.6231546593396359,0.32037264456463743,0.21669980119284293
4,ENS-reg,0.6539820967075552,0.8221710720647533,0.5827833003066683,0.6504058441558442,0.23185926994953443,0.10934393638170974,0.6383365156242724,0.34821478380622795,0.21669980119284293
4,GRU-bce16,0.6924586353525733,0.8284643225329875,0.6512281436019841,0.6697646103896103,0.167693124096865,0.10934393638170974,0.6705397475899968,0.30114302716962676,0.21669980119284293
4,GRU-hazard,0.6250313311647515,0.7836799476647169,0.5557296258706229,0.6532873376623377,0.17654111017641638,0.10934393638170974,0.6106040143435942,0.28588890259533595,0.21669980119284293
4,GRU-hazard-h32-lr3e-4-do0.3-wd1e-3,0.5925503740287155,0.7646264860335893,0.5269887873778559,0.5842532467532467,0.19819905710536226,0.10934393638170974,0.5551855818935407,0.2887031178029269,0.21669980119284293
4,MLP-hazard,0.672661075890034,0.8292491386843737,0.6080461531877179,0.6047483766233765,0.18133758277351056,0.10934393638170974,0.6059004331020351,0.30085352875731414,0.21669980119284293
4,MLP-hazard-lr3e-4-do0.3-wd1e-3,0.6771303415285623,0.8354869089487527,0.6133424987891685,0.6146103896103896,0.21348249875066344,0.10934393638170974,0.6266008475760256,0.3315542954336014,0.21669980119284293
4,TCN-hazard,0.661461315563828,0.8288416066285164,0.5869947815424009,0.5834415584415584,0.1709810733179024,0.10934393638170974,0.6023611046430402,0.3227835346333936,0.21669980119284293
4,gspc/GRU-hazard,0.6254634649495027,0.7775241913944848,0.5797565322214571,0.5595779220779221,0.125860911506812,0.10934393638170974,0.5348810133656219,0.2311955936395147,0.21669980119284293
4,lgbm,0.6438123724635677,0.7788433056637459,0.5898212633349085,0.5188311688311689,0.1782057270329575,0.10934393638170974,0.45217249569226475,0.27579903862496813,0.21669980119284293
4,logreg,0.6455745375461468,0.7979699862235294,0.5770971701765428,0.5727272727272728,0.22339395918428437,0.10934393638170974,0.5287337586736833,0.2525778072044682,0.21669980119284293
4,noconf/GRU-hazard,0.5991120229539385,0.7634067168634147,0.5227141312447351,0.5877435064935065,0.13389600666615542,0.10934393638170974,0.5652680109905464,0.2701266043119174,0.21669980119284293
4,nomacro/GRU-hazard,0.6518828262428736,0.793284201395119,0.5799631584812441,0.6825081168831169,0.19212814053834804,0.10934393638170974,0.6463465747683137,0.32159423655969455,0.21669980119284293
5,rule,0.598052814337364,0.7317772155901652,0.5589018348361671,0.5531602708803612,0.13315409464139583,0.11928429423459244,0.558735994397759,0.2574512098635103,0.23658051689860835
5,ENS-hazard,0.6130372672002832,0.734988931931378,0.5600557497525521,0.5960496613995485,0.1499927040451059,0.11928429423459244,0.5691526610644257,0.2873180430715639,0.23658051689860835
5,ENS-reg,0.609191523568828,0.7324492054707882,0.5604655845979551,0.5806997742663658,0.13999523472997932,0.11928429423459244,0.5620842086834734,0.2848446615262552,0.23658051689860835
5,GRU-bce16,0.5787019135403898,0.7171021424618547,0.5063991081428455,0.604627539503386,0.17758814351728608,0.11928429423459244,0.5496761204481793,0.27854676336354756,0.23658051689860835
5,GRU-hazard,0.6020754486809526,0.7299885366432128,0.5406599795161569,0.6355530474040633,0.20460854202541748,0.11928429423459244,0.5824579831932772,0.2923228436510715,0.23658051689860835
5,GRU-hazard-h32-lr3e-4-do0.3-wd1e-3,0.5900952242498073,0.7230117005296862,0.5168766775615542,0.5810007524454477,0.1537910265743972,0.11928429423459244,0.4961922268907563,0.24330352868030017,0.23658051689860835
5,MLP-hazard,0.6054015998066546,0.7301071230927346,0.5624557548057004,0.6007148231753199,0.1491669341610082,0.11928429423459244,0.5890449929971988,0.2952038872159568,0.23658051689860835
5,MLP-hazard-lr3e-4-do0.3-wd1e-3,0.5981331704129237,0.7253142540912325,0.5612055724537819,0.5560571858540255,0.13671414041134022,0.11928429423459244,0.5601584383753502,0.29877243581765767,0.23658051689860835
5,TCN-hazard,0.620617651454142,0.7427365799667958,0.5710929669641479,0.5378856282919489,0.1310913869548851,0.11928429423459244,0.5059086134453782,0.2432120683531386,0.23658051689860835
5,gspc/GRU-hazard,0.602075103640552,0.7322219147758716,0.5476576074621726,0.6062076749435665,0.20309787872515186,0.11928429423459244,0.5406381302521008,0.2737705829585491,0.23658051689860835
5,lgbm,0.5825920523700787,0.711360581864179,0.5498980343705917,0.4691873589164785,0.17155263333766982,0.11928429423459244,0.4262955182072829,0.24938901877845743,0.23658051689860835
5,logreg,0.6005980623604552,0.7343861174796427,0.5366880867835473,0.3648607975921746,0.09540942997703514,0.11928429423459244,0.38130252100840334,0.19143407457187778,0.23658051689860835
5,noconf/GRU-hazard,0.5910488392419202,0.7242766226579176,0.5190125515249101,0.6287434161023326,0.21201488804804094,0.11928429423459244,0.5641850490196079,0.2894132776505338,0.23658051689860835
5,nomacro/GRU-hazard,0.5807954653410368,0.7130405565657364,0.5110272907594015,0.5419112114371707,0.135727130916256,0.11928429423459244,0.4989276960784314,0.2349975894404404,0.23658051689860835
6,rule,0.5929251283303831,0.8062683589045594,0.5389558585327446,0.633746098862378,0.1327862226402581,0.08514851485148515,0.59849825843659,0.2775392305900391,0.16435643564356436
6,ENS-hazard,0.6171585678089129,0.7872921900361174,0.5354741136623947,0.5770160072485654,0.16909603882926152,0.08514851485148515,0.6302175526751557,0.273903832147642,0.16435643564356436
6,ENS-reg,0.6142591061645751,0.7853420221010525,0.5296462257352739,0.5890466123024263,0.1635781649404607,0.08514851485148515,0.6305887055330326,0.28308956348776876,0.16435643564356436
6,GRU-bce16,0.5571166338139423,0.767968509840814,0.4573375346808108,0.5151011778918755,0.10943131962758722,0.08514851485148515,0.5978987038200194,0.2823873452243655,0.16435643564356436
6,GRU-hazard,0.5993066984334412,0.7769703087989654,0.48863509059698756,0.6248364039061712,0.12555374142100073,0.08514851485148515,0.6341003825729459,0.2420322845762352,0.16435643564356436
6,GRU-hazard-h32-lr3e-4-do0.3-wd1e-3,0.6011534225274745,0.7745921803569549,0.48183485075070964,0.7104600825531059,0.1595095130092367,0.08514851485148515,0.6355564437846171,0.26318864361520566,0.16435643564356436
6,MLP-hazard,0.6434866960177817,0.8086507105722306,0.5772214022225269,0.5898520084566595,0.17291460081806725,0.08514851485148515,0.6432079027008508,0.31053834256398083,0.16435643564356436
6,MLP-hazard-lr3e-4-do0.3-wd1e-3,0.634578068274433,0.8083155106672953,0.5641177682680477,0.5770663445082049,0.1585036202766054,0.08514851485148515,0.6402957802775081,0.29543894722523123,0.16435643564356436
6,TCN-hazard,0.595074541131355,0.7670496679945795,0.5072693078401646,0.5427866706936474,0.12466864659267332,0.08514851485148515,0.5714326500314053,0.20751636650876248,0.16435643564356436
6,gspc/GRU-hazard,0.592184159538826,0.7767575706706867,0.46121712346711147,0.5663445082049733,0.09585974319059082,0.08514851485148515,0.5863644150059956,0.18615444213159646,0.16435643564356436
6,lgbm,0.47705312464083527,0.6987557119388561,0.40457076807874104,0.5350850699687909,0.14512465727999474,0.08514851485148515,0.49654542339976016,0.1874058269787342,0.16435643564356436
6,logreg,0.6133646905914454,0.7503369362652069,0.5552051145867868,0.5510419812745393,0.12363257727069232,0.08514851485148515,0.5195283503682979,0.19910571250666587,0.16435643564356436
6,noconf/GRU-hazard,0.5915095543474008,0.7717716827557444,0.45911208747404525,0.578022752441357,0.12849127641033734,0.08514851485148515,0.5959001884314509,0.23875203080725882,0.16435643564356436
6,nomacro/GRU-hazard,0.623060418664735,0.7852071390724527,0.5382983546682676,0.6786469344608879,0.16742780895480244,0.08514851485148515,0.6899446125735169,0.3058891676197562,0.16435643564356436
7,rule,0.6178706199460917,0.7642157002536788,0.5692001233455023,0.49362005707297185,0.11204640556530585,0.10978043912175649,0.4209253661939084,0.1955341461862626,0.21956087824351297
7,ENS-hazard,0.6534798966756514,0.7738291937710043,0.6001561223332902,0.551528740317978,0.12477348072408738,0.10978043912175649,0.5736805394094397,0.25054805960989207,0.21956087824351297
7,ENS-reg,0.6566095138264949,0.7717726635877928,0.6065679731985318,0.568895230330208,0.12543020004054883,0.10978043912175649,0.5935596372936526,0.2554945403348053,0.21956087824351297
7,GRU-bce16,0.669334443945293,0.7610108804700741,0.636168531772634,0.547085201793722,0.11833868056181833,0.10978043912175649,0.5373866542664496,0.221548209673375,0.21956087824351297
7,GRU-hazard,0.6419838462114407,0.7789626457798566,0.5882908285548648,0.5046473705666531,0.10743643539269736,0.10978043912175649,0.4805394094396653,0.20532592474041753,0.21956087824351297
7,GRU-hazard-h32-lr3e-4-do0.3-wd1e-3,0.6368710379854248,0.7710551585979921,0.5744395234725457,0.5269465960048919,0.11404210044424204,0.10978043912175649,0.5264822134387352,0.22685696245680972,0.21956087824351297
7,MLP-hazard,0.6586100504142957,0.7714139072803917,0.6055419637899617,0.5721565430085609,0.13533398949013947,0.10978043912175649,0.6274819809346663,0.3184731045078388,0.21956087824351297
7,MLP-hazard-lr3e-4-do0.3-wd1e-3,0.6650707547169812,0.7744988061281423,0.6133424966777111,0.5701589889930697,0.12788062879406625,0.10978043912175649,0.6290397581957684,0.2968573147556006,0.21956087824351297
7,TCN-hazard,0.6289530922431866,0.7430123484861424,0.5806416041081962,0.5273542600896861,0.1272824155169223,0.10978043912175649,0.5117182050685887,0.24529492323394236,0.21956087824351297
7,gspc/GRU-hazard,0.6229129854247779,0.7555668786823673,0.5774610702824986,0.5197717081125153,0.1069968353392039,0.10978043912175649,0.5361311322948152,0.21605394611779188,0.21956087824351297
7,lgbm,0.5948257337526206,0.7503533743273733,0.5348439057531764,0.4662454137790461,0.11682522233236861,0.10978043912175649,0.5086724017670309,0.22011378144290972,0.21956087824351297
7,logreg,0.6539376185484675,0.7613619584012467,0.6191921372511673,0.5017121891561354,0.12662440829753918,0.10978043912175649,0.5671006742617996,0.24113049735642333,0.21956087824351297
7,noconf/GRU-hazard,0.6557483216032745,0.7766032619856886,0.6168551942360131,0.49054219323277615,0.12210880821041087,0.10978043912175649,0.5121832132062312,0.2427354348520308,0.21956087824351297
7,nomacro/GRU-hazard,0.643062699660577,0.7786995730710983,0.5820323248478517,0.4818997146351406,0.1088140680799668,0.10978043912175649,0.45110439432690075,0.20332254334987954,0.21956087824351297
