model,persistence,precision,alarm_rate,recall_events,reversals,false_alarm_days_per_year
ENS-hazard,1,0.4745039866493603,0.33480258256766826,0.7436762225969646,593,44.33623044449963
ENS-hazard,2,0.4835965978128797,0.3065557486963,0.7166947723440135,593,39.89322075987087
ENS-hazard,3,0.4894725417842414,0.28600695306679913,0.6863406408094435,593,36.79562950086913
GRU-bce16,1,0.4683105767271245,0.3046312391358331,0.7774030354131535,593,40.816240377452196
GRU-bce16,2,0.4762569832402235,0.2666997765085672,0.7251264755480608,593,35.1999006704743
GRU-bce16,3,0.4865429840606219,0.23758380928731065,0.6728499156829679,593,30.741246585547554
GRU-hazard,1,0.4925821972734563,0.30965979637447233,0.7790893760539629,593,39.59597715420909
GRU-hazard,2,0.49856796651244767,0.2817854482244847,0.7352445193929174,593,35.606655078222005
GRU-hazard,3,0.5040534096328088,0.2603675192450956,0.6930860033726813,593,32.54035261981624
MLP-hazard,1,0.45841819416157503,0.3657809783958282,0.8010118043844857,593,49.92128135088155
MLP-hazard,2,0.47237412785215915,0.32921529674695804,0.7689713322091062,593,43.77303203377203
MLP-hazard,3,0.4815653964984552,0.3014030295505339,0.7335581787521079,593,39.376955550037245
logreg,1,0.4574995410317606,0.3381549540600944,0.7655986509274874,593,46.229202880556244
logreg,2,0.47129971299712997,0.30283089148249315,0.6897133220910624,593,40.34690836851254
logreg,3,0.4837281381447864,0.2804196672460889,0.6627318718381113,593,36.48274149490936
