model,symbol,persistence,sharpe,sharpe_bh,cagr,cagr_bh,max_dd,max_dd_bh,flat_share,beats_random
ENS-hazard,GSPC,1,0.5975697842358161,0.4963273357157348,0.07728602910749083,0.07789368652631024,-0.27119050484275153,-0.5295877281299959,0.16030914983794564,0.96
ENS-hazard,GSPC,2,0.5947917621068207,0.4963273357157348,0.07773356204970927,0.07789368652631024,-0.28047373835153977,-0.5295877281299959,0.14609822986786336,0.97
ENS-hazard,IXIC,1,0.6250048020442138,0.6060206802801771,0.09427996425649932,0.11567182835816481,-0.3707791102450886,-0.5002722876071204,0.22114185988531543,0.91
ENS-hazard,IXIC,2,0.6587644416183988,0.6060206802801771,0.1017187826938073,0.11567182835816481,-0.3629274347618344,-0.5002722876071204,0.20269259536275241,0.9033333333333333
ENS-hazard,DJI,1,0.5444900979744822,0.46124118190724445,0.06796002874273799,0.06929957695755795,-0.25738303782502314,-0.4985658860690947,0.14310645724258286,0.9366666666666666
ENS-hazard,DJI,2,0.5568834917513147,0.46124118190724445,0.07037865962923684,0.06929957695755795,-0.25955975714424817,-0.4985658860690947,0.12989279481426075,0.9566666666666667
ENS-hazard,RUT,1,0.6011025971813723,0.3874304230153995,0.09236884050278604,0.0660357132160243,-0.25057065989723637,-0.5428789385458302,0.25355272999252054,0.9966666666666667
ENS-hazard,RUT,2,0.6255801152661664,0.3874304230153995,0.09862342095874843,0.0660357132160243,-0.24840219938433683,-0.5428789385458302,0.23211169284467714,0.9966666666666667
GRU-bce16,GSPC,1,0.37749593101025564,0.4963273357157348,0.04878592668718795,0.07789368652631024,-0.4756430862582015,-0.5295877281299959,0.1413612565445026,0.37666666666666665
GRU-bce16,GSPC,2,0.39996086807425907,0.4963273357157348,0.05321479440705934,0.07789368652631024,-0.46758383509804613,-0.5295877281299959,0.11717776115681877,0.36666666666666664
GRU-bce16,IXIC,1,0.5282435535698654,0.6060206802801771,0.08619034930217273,0.11567182835816481,-0.4988582375719003,-0.5002722876071204,0.14410371478434303,0.6166666666666667
GRU-bce16,IXIC,2,0.5668350641131131,0.6060206802801771,0.09600494959406092,0.11567182835816481,-0.49251168052276006,-0.5002722876071204,0.11493393168785837,0.63
GRU-bce16,DJI,1,0.34376120910372293,0.46124118190724445,0.041597531372945085,0.06929957695755795,-0.41959674742435593,-0.4985658860690947,0.14983794564946396,0.43666666666666665
GRU-bce16,DJI,2,0.3728764200401766,0.46124118190724445,0.04681592273975732,0.06929957695755795,-0.4271641931559338,-0.4985658860690947,0.12715033657442032,0.38666666666666666
GRU-bce16,RUT,1,0.29313522978111206,0.3874304230153995,0.038884226116809195,0.0660357132160243,-0.557959996871815,-0.5428789385458302,0.19346796310147096,0.5133333333333333
GRU-bce16,RUT,2,0.354923431414323,0.3874304230153995,0.05248661493575901,0.0660357132160243,-0.5003624645050571,-0.5428789385458302,0.15956120668162554,0.7033333333333334
GRU-hazard,GSPC,1,0.6568102089772545,0.4963273357157348,0.09083895013704546,0.07789368652631024,-0.3262562673063484,-0.5295877281299959,0.1199202193966592,0.9966666666666667
GRU-hazard,GSPC,2,0.6967222420500792,0.4963273357157348,0.0978619079730807,0.07789368652631024,-0.32625626730634805,-0.5295877281299959,0.11244078783345801,1.0
GRU-hazard,IXIC,1,0.5240334159030767,0.6060206802801771,0.08189861724428238,0.11567182835816481,-0.38151847828725616,-0.5002722876071204,0.14335577162802293,0.49333333333333335
GRU-hazard,IXIC,2,0.5478711640534503,0.6060206802801771,0.08701428173717707,0.11567182835816481,-0.38000909283178375,-0.5002722876071204,0.13662428322114184,0.59
GRU-hazard,DJI,1,0.38247668537216795,0.46124118190724445,0.04570472782639179,0.06929957695755795,-0.39222715358176363,-0.4985658860690947,0.11244078783345801,0.47333333333333333
GRU-hazard,DJI,2,0.43103984670302486,0.46124118190724445,0.05340920943254246,0.06929957695755795,-0.3750038933341283,-0.4985658860690947,0.10346546995761652,0.6566666666666666
GRU-hazard,RUT,1,0.4312204195592542,0.3874304230153995,0.0653376543929376,0.0660357132160243,-0.44102370801045887,-0.5428789385458302,0.18075292944402888,0.91
GRU-hazard,RUT,2,0.4490606834627067,0.3874304230153995,0.06922254291395014,0.0660357132160243,-0.44102370801045887,-0.5428789385458302,0.1695337820992271,0.92
MLP-hazard,GSPC,1,0.490203408400918,0.4963273357157348,0.059534180202819975,0.07789368652631024,-0.26289378666850094,-0.5295877281299959,0.2034405385190725,0.84
MLP-hazard,GSPC,2,0.4584115713287706,0.4963273357157348,0.05666480994701506,0.07789368652631024,-0.26924786785903687,-0.5295877281299959,0.17950635751682875,0.6766666666666666
MLP-hazard,IXIC,1,0.566493623286131,0.6060206802801771,0.08067206622661782,0.11567182835816481,-0.31564459207299833,-0.5002722876071204,0.28297182747444527,0.83
MLP-hazard,IXIC,2,0.5540355424314871,0.6060206802801771,0.08055424460795835,0.11567182835816481,-0.32965680961782273,-0.5002722876071204,0.25205684367988035,0.7166666666666667
MLP-hazard,DJI,1,0.4487422325850814,0.46124118190724445,0.05290637032184753,0.06929957695755795,-0.25037147027347906,-0.4985658860690947,0.1732734978808277,0.8466666666666667
MLP-hazard,DJI,2,0.3838405603546601,0.46124118190724445,0.044976934884528585,0.06929957695755795,-0.35942107678238466,-0.4985658860690947,0.15133383196210426,0.49
MLP-hazard,RUT,1,0.3410998431955636,0.3874304230153995,0.04391173476536969,0.0660357132160243,-0.288903295550731,-0.5428789385458302,0.30541012216404884,0.69
MLP-hazard,RUT,2,0.3581184497633001,0.3874304230153995,0.04805510346398001,0.0660357132160243,-0.35729964753651156,-0.5428789385458302,0.2715033657442034,0.6566666666666666
logreg,GSPC,1,0.4067895542877564,0.4963273357157348,0.05204828376532489,0.07789368652631024,-0.4401083485865729,-0.5295877281299959,0.1465968586387435,0.43666666666666665
logreg,GSPC,2,0.4466749754525542,0.4963273357157348,0.058995851119621356,0.07789368652631024,-0.4450356012222314,-0.5295877281299959,0.12939416604338072,0.5766666666666667
logreg,IXIC,1,0.5546951343733983,0.6060206802801771,0.08669187383602717,0.11567182835816481,-0.4069911902818508,-0.5002722876071204,0.21565694340563446,0.76
logreg,IXIC,2,0.5608286691793213,0.6060206802801771,0.08891601787768622,0.11567182835816481,-0.41890185978431105,-0.5002722876071204,0.19895287958115182,0.6566666666666666
logreg,DJI,1,0.4547292627756963,0.46124118190724445,0.05822782488855727,0.06929957695755795,-0.35495052339472866,-0.4985658860690947,0.131637995512341,0.8033333333333333
logreg,DJI,2,0.4509717023236831,0.46124118190724445,0.05809552928080963,0.06929957695755795,-0.38486685023444744,-0.4985658860690947,0.11368735976065814,0.7233333333333334
logreg,RUT,1,0.3894088740965552,0.3874304230153995,0.05543629071036804,0.0660357132160243,-0.338956247165487,-0.5428789385458302,0.26028421839940163,0.7866666666666666
logreg,RUT,2,0.39533120733294835,0.3874304230153995,0.05696447353261824,0.0660357132160243,-0.36057618051159124,-0.5428789385458302,0.24008975317875847,0.8033333333333333
