model,event,versus,auc_diff,ci_low,ci_high,p_le_0
ENS-hazard,5,age_hazard,0.037785361048420736,0.0026976822182401775,0.07159545543106145,0.022
ENS-hazard,5,logreg,0.009226895343973076,-0.016227894562528752,0.03577366183777657,0.25
ENS-hazard,10,age_hazard,0.04388440770701419,0.013101187929301225,0.07821324117798456,0.002
ENS-hazard,10,logreg,0.018327226125151898,-0.0031411487158315653,0.04384403044527486,0.056
GRU-bce16,5,age_hazard,0.03586705946520337,0.004955614415589255,0.06647817260674557,0.012
GRU-bce16,5,logreg,0.006574451124912741,-0.022079561974610296,0.03554486466269899,0.306
GRU-bce16,10,age_hazard,0.023040555391976403,-0.006076731296090501,0.054724352545283066,0.07
GRU-bce16,10,logreg,-0.0032874301027053417,-0.031177737963241373,0.022704706169571418,0.6
GRU-hazard,5,age_hazard,0.038810355779204574,0.0036492208460649194,0.07403140303762024,0.018
GRU-hazard,5,logreg,0.009296235992939935,-0.020764387665601902,0.03618969760926566,0.262
GRU-hazard,10,age_hazard,0.017444035745631716,-0.015978124105199904,0.051720346451978504,0.176
GRU-hazard,10,logreg,-0.007505924039558693,-0.03745932994382432,0.02166056053164593,0.668
MLP-hazard,5,age_hazard,0.018495275545674778,-0.01290515489512124,0.05561790932735599,0.148
MLP-hazard,5,logreg,-0.010577616760956634,-0.03642187780156347,0.018041327681831212,0.778
MLP-hazard,10,age_hazard,0.037304802428837804,0.0031793648041403546,0.06864468886821305,0.022
MLP-hazard,10,logreg,0.010533700278252855,-0.013066076229535727,0.03681985119294662,0.242
TCN-hazard,5,age_hazard,0.031693755008122645,-0.0009256060813152854,0.0662710271963628,0.028
TCN-hazard,5,logreg,0.0036901213976866733,-0.025105918395737573,0.03135569872866669,0.376
TCN-hazard,10,age_hazard,0.038300283505761604,0.008536685353729588,0.06960882554727121,0.008
TCN-hazard,10,logreg,0.013326277213575738,-0.013435751597342213,0.03890838620926318,0.168
logreg,5,age_hazard,0.029338232536488058,-0.0016195361541808885,0.06530285526981665,0.034
logreg,10,age_hazard,0.023433728287842768,-0.004414630278516598,0.05115626892369926,0.056
