symbol,fold,model,n_reversals,event5_auc,event5_ap,event5_base,event10_auc,event10_ap,event10_base
GSPC,0,ENS-hazard,9,0.6935748792270531,0.23511907955815814,0.0891089108910891,0.6353718745023094,0.3135884474382533,0.1801980198019802
GSPC,0,GRU-bce16,9,0.5838647342995169,0.1441585304333113,0.0891089108910891,0.5328343154430111,0.22513539825328407,0.1801980198019802
GSPC,0,GRU-hazard,9,0.6145410628019324,0.198695260877432,0.0891089108910891,0.6028295376121462,0.30969724493924267,0.1801980198019802
GSPC,0,MLP-hazard,9,0.49425120772946857,0.13815311371562977,0.0891089108910891,0.49493019058236454,0.2703502807255755,0.1801980198019802
GSPC,0,TCN-hazard,9,0.5426086956521738,0.1277391898081751,0.0891089108910891,0.5421776291341509,0.2295100961017988,0.1801980198019802
GSPC,0,logreg,9,0.5998550724637681,0.11352745304751001,0.0891089108910891,0.5440091309656527,0.26560686142919043,0.1801980198019802
GSPC,0,age_hazard,9,0.5598309178743962,0.10304393093557106,0.0891089108910891,0.5207172054998142,0.1878467374512437,0.1801980198019802
GSPC,1,ENS-hazard,14,0.5385121790651745,0.14458133844152002,0.1388888888888889,0.5991721691140238,0.31649817435259225,0.2757936507936508
GSPC,1,GRU-bce16,14,0.4440092165898618,0.12363295233810573,0.1388888888888889,0.41044643737065145,0.23437376718120956,0.2757936507936508
GSPC,1,GRU-hazard,14,0.6187623436471363,0.2329669104037677,0.1388888888888889,0.6035281363949936,0.3695304976432551,0.2757936507936508
GSPC,1,MLP-hazard,14,0.4464121132323898,0.12430816449153821,0.1388888888888889,0.532255839164285,0.28987979114668105,0.2757936507936508
GSPC,1,TCN-hazard,14,0.5748847926267281,0.18238290695820714,0.1388888888888889,0.6254459446141717,0.40468629232250003,0.2757936507936508
GSPC,1,logreg,14,0.5196840026333114,0.14379423568765975,0.1388888888888889,0.5384251502907262,0.3234123337312835,0.2757936507936508
GSPC,1,age_hazard,14,0.387393021724819,0.11649268698673161,0.1388888888888889,0.4127722479550606,0.23562415380284346,0.2757936507936508
GSPC,2,ENS-hazard,10,0.5351327433628319,0.10909594773361087,0.099601593625498,0.4963970588235294,0.19532531798764233,0.20318725099601595
GSPC,2,GRU-bce16,10,0.5806194690265486,0.14163076063618135,0.099601593625498,0.5977450980392157,0.3184434306461555,0.20318725099601595
GSPC,2,GRU-hazard,10,0.6363274336283187,0.1854331847961324,0.099601593625498,0.6379901960784313,0.3765850145324713,0.20318725099601595
GSPC,2,MLP-hazard,10,0.4577433628318584,0.09153248235651112,0.099601593625498,0.40375000000000005,0.16464461949471582,0.20318725099601595
GSPC,2,TCN-hazard,10,0.506150442477876,0.15050433278791198,0.099601593625498,0.5547058823529412,0.2391372295273922,0.20318725099601595
GSPC,2,logreg,10,0.6108407079646018,0.13721641816407731,0.099601593625498,0.5740686274509804,0.24919160868285195,0.20318725099601595
GSPC,2,age_hazard,10,0.5963938053097345,0.13421773910118415,0.099601593625498,0.5836642156862746,0.24896542381649894,0.20318725099601595
GSPC,3,ENS-hazard,13,0.5495707026458736,0.14025559855972813,0.12896825396825398,0.5260416666666666,0.2359509577497636,0.23809523809523808
GSPC,3,GRU-bce16,13,0.6059225512528473,0.2345022503980142,0.12896825396825398,0.5613715277777778,0.2705370889261091,0.23809523809523808
GSPC,3,GRU-hazard,13,0.6028736639214999,0.19745479912178282,0.12896825396825398,0.6029730902777778,0.3500166049186405,0.23809523809523808
GSPC,3,MLP-hazard,13,0.5327142106185386,0.1317952517226444,0.12896825396825398,0.5047960069444445,0.2216472108767959,0.23809523809523808
GSPC,3,TCN-hazard,13,0.5593131242333976,0.13654083592438654,0.12896825396825398,0.5510199652777777,0.24323538241548104,0.23809523809523808
GSPC,3,logreg,13,0.5068512353250395,0.1354025473179833,0.12896825396825398,0.5049262152777777,0.22978110886951472,0.23809523809523808
GSPC,3,age_hazard,13,0.44445417907832485,0.12216118890947983,0.12896825396825398,0.4805664062500001,0.2234822223883887,0.23809523809523808
GSPC,4,ENS-hazard,11,0.6516233766233767,0.20346366375274577,0.10934393638170974,0.6322824011549388,0.3164137251018872,0.21669980119284293
GSPC,4,GRU-bce16,11,0.6697646103896103,0.167693124096865,0.10934393638170974,0.6705397475899968,0.30114302716962676,0.21669980119284293
GSPC,4,GRU-hazard,11,0.6532873376623377,0.17654111017641638,0.10934393638170974,0.6106040143435942,0.28588890259533595,0.21669980119284293
GSPC,4,MLP-hazard,11,0.6047483766233765,0.18133758277351056,0.10934393638170974,0.6059004331020351,0.30085352875731414,0.21669980119284293
GSPC,4,TCN-hazard,11,0.5834415584415584,0.1709810733179024,0.10934393638170974,0.6023611046430402,0.3227835346333936,0.21669980119284293
GSPC,4,logreg,11,0.5727272727272728,0.22339395918428437,0.10934393638170974,0.5287337586736833,0.2525778072044682,0.21669980119284293
GSPC,4,age_hazard,11,0.6127840909090908,0.15318457144841605,0.10934393638170974,0.5924067433521166,0.2639691836900051,0.21669980119284293
GSPC,5,ENS-hazard,12,0.6117005267118134,0.15609082904623223,0.11928429423459244,0.5911020658263305,0.3048991088143941,0.23658051689860835
GSPC,5,GRU-bce16,12,0.604627539503386,0.17758814351728608,0.11928429423459244,0.5496761204481793,0.27854676336354756,0.23658051689860835
GSPC,5,GRU-hazard,12,0.6355530474040633,0.20460854202541748,0.11928429423459244,0.5824579831932772,0.2923228436510715,0.23658051689860835
GSPC,5,MLP-hazard,12,0.6007148231753199,0.1491669341610082,0.11928429423459244,0.5890449929971988,0.2952038872159568,0.23658051689860835
GSPC,5,TCN-hazard,12,0.5378856282919489,0.1310913869548851,0.11928429423459244,0.5059086134453782,0.2432120683531386,0.23658051689860835
GSPC,5,logreg,12,0.3648607975921746,0.09540942997703514,0.11928429423459244,0.38130252100840334,0.19143407457187778,0.23658051689860835
GSPC,5,age_hazard,12,0.5531602708803612,0.13315409464139583,0.11928429423459244,0.558735994397759,0.2574512098635103,0.23658051689860835
GSPC,6,ENS-hazard,9,0.5899526829759388,0.17419835148586865,0.08514851485148515,0.6494033004054132,0.30095361931715053,0.16435643564356436
GSPC,6,GRU-bce16,9,0.5151011778918755,0.10943131962758722,0.08514851485148515,0.5978987038200194,0.2823873452243655,0.16435643564356436
GSPC,6,GRU-hazard,9,0.6248364039061712,0.12555374142100073,0.08514851485148515,0.6341003825729459,0.2420322845762352,0.16435643564356436
GSPC,6,MLP-hazard,9,0.5898520084566595,0.17291460081806725,0.08514851485148515,0.6432079027008508,0.31053834256398083,0.16435643564356436
GSPC,6,TCN-hazard,9,0.5427866706936474,0.12466864659267332,0.08514851485148515,0.5714326500314053,0.20751636650876248,0.16435643564356436
GSPC,6,logreg,9,0.5510419812745393,0.12363257727069232,0.08514851485148515,0.5195283503682979,0.19910571250666587,0.16435643564356436
GSPC,6,age_hazard,9,0.633746098862378,0.1327862226402581,0.08514851485148515,0.59849825843659,0.2775392305900391,0.16435643564356436
GSPC,7,ENS-hazard,11,0.5501834488381574,0.12082573466742605,0.10978043912175649,0.5959311787956288,0.2516684996077716,0.21956087824351297
GSPC,7,GRU-bce16,11,0.547085201793722,0.11833868056181833,0.10978043912175649,0.5373866542664496,0.221548209673375,0.21956087824351297
GSPC,7,GRU-hazard,11,0.5046473705666531,0.10743643539269736,0.10978043912175649,0.4805394094396653,0.20532592474041753,0.21956087824351297
GSPC,7,MLP-hazard,11,0.5721565430085609,0.13533398949013947,0.10978043912175649,0.6274819809346663,0.3184731045078388,0.21956087824351297
GSPC,7,TCN-hazard,11,0.5014675907052588,0.1182092433301376,0.10978043912175649,0.4820739362938851,0.22397843632031023,0.21956087824351297
GSPC,7,logreg,11,0.5017121891561354,0.12662440829753918,0.10978043912175649,0.5671006742617996,0.24113049735642333,0.21956087824351297
GSPC,7,age_hazard,11,0.49362005707297185,0.11204640556530585,0.10978043912175649,0.4209253661939084,0.1955341461862626,0.21956087824351297
IXIC,0,ENS-hazard,9,0.6305314009661837,0.17420343328575663,0.0891089108910891,0.6077931730105643,0.23053084326579287,0.1801980198019802
IXIC,0,GRU-bce16,9,0.55256038647343,0.10373970765968825,0.0891089108910891,0.4786324786324786,0.17200767696924274,0.1801980198019802
IXIC,0,GRU-hazard,9,0.6376328502415458,0.24317690447833518,0.0891089108910891,0.6363008971704625,0.33549257794832155,0.1801980198019802
IXIC,0,MLP-hazard,9,0.42690821256038647,0.10068370260359927,0.0891089108910891,0.4643520730477253,0.1899118455445404,0.1801980198019802
IXIC,0,TCN-hazard,9,0.5169082125603865,0.10063730904747725,0.0891089108910891,0.5637840420449116,0.2236663127149841,0.1801980198019802
IXIC,0,logreg,9,0.566135265700483,0.12071723771499565,0.0891089108910891,0.5414344109996284,0.27437563330939413,0.1801980198019802
IXIC,0,age_hazard,9,0.5590338164251208,0.1061975832879441,0.0891089108910891,0.5667038275733929,0.23727500896189158,0.1801980198019802
IXIC,1,ENS-hazard,14,0.5698485845951284,0.1623727573194576,0.1388888888888889,0.595919976347689,0.3206728435534147,0.2757936507936508
IXIC,1,GRU-bce16,14,0.4280776826859777,0.11537583374934682,0.1388888888888889,0.4392037055287277,0.2460124432575006,0.2757936507936508
IXIC,1,GRU-hazard,14,0.6221527320605662,0.2718908060533044,0.1388888888888889,0.6111165861831084,0.38877169191366556,0.2757936507936508
IXIC,1,MLP-hazard,14,0.4646148782093482,0.1369743385240743,0.1388888888888889,0.5283926283630629,0.28964667725976956,0.2757936507936508
IXIC,1,TCN-hazard,14,0.5889400921658987,0.2281114158786836,0.1388888888888889,0.6435005420321278,0.4157363034041601,0.2757936507936508
IXIC,1,logreg,14,0.5744239631336405,0.16818474390116941,0.1388888888888889,0.6064255444959101,0.36152088614072964,0.2757936507936508
IXIC,1,age_hazard,14,0.5745556287030942,0.1617074343493785,0.1388888888888889,0.5198088104858579,0.30581388591827713,0.2757936507936508
IXIC,2,ENS-hazard,8,0.456439393939394,0.07255874532231038,0.0796812749003984,0.45826421800947864,0.14177307225208394,0.1593625498007968
IXIC,2,GRU-bce16,8,0.5278679653679653,0.162635648884538,0.0796812749003984,0.5545319905213271,0.2680973252364032,0.1593625498007968
IXIC,2,GRU-hazard,8,0.6502164502164502,0.15967628717357552,0.0796812749003984,0.63385663507109,0.3084568314195521,0.1593625498007968
IXIC,2,MLP-hazard,8,0.4,0.0633472970424431,0.0796812749003984,0.39712677725118484,0.12555044576642596,0.1593625498007968
IXIC,2,TCN-hazard,8,0.5101190476190476,0.1046591811772403,0.0796812749003984,0.5171504739336493,0.17850659159121068,0.1593625498007968
IXIC,2,logreg,8,0.47272727272727266,0.08185905710852598,0.0796812749003984,0.49540876777251186,0.16260504648875013,0.1593625498007968
IXIC,2,age_hazard,8,0.599512987012987,0.11473725283988853,0.0796812749003984,0.5919727488151658,0.23079594593048097,0.1593625498007968
IXIC,3,ENS-hazard,11,0.4815954646689613,0.0998181569679536,0.10912698412698413,0.487186681631126,0.19351914094805242,0.21428571428571427
IXIC,3,GRU-bce16,11,0.5585746102449889,0.12712745399275804,0.10912698412698413,0.5913065843621399,0.2826400318473016,0.21428571428571427
IXIC,3,GRU-hazard,11,0.667139096983195,0.23018237667740843,0.10912698412698413,0.664421997755331,0.39107303240049374,0.21428571428571427
IXIC,3,MLP-hazard,11,0.44320712694877507,0.09218664272499681,0.10912698412698413,0.44271417882528996,0.1794535391417855,0.21428571428571427
IXIC,3,TCN-hazard,11,0.511399068637376,0.10405128906403688,0.10912698412698413,0.4901561915450804,0.19161606877963785,0.21428571428571427
IXIC,3,logreg,11,0.5633124114193157,0.12069529425446415,0.10912698412698413,0.6115319865319865,0.24971763233339794,0.21428571428571427
IXIC,3,age_hazard,11,0.479024093946143,0.11268851738536652,0.10912698412698413,0.43564113355780026,0.19567960857912672,0.21428571428571427
IXIC,4,ENS-hazard,13,0.7147874956094135,0.34527408540549837,0.12922465208747516,0.7275314497834605,0.5031234107822904,0.2584493041749503
IXIC,4,GRU-bce16,13,0.6149982437653672,0.20374109277209013,0.12922465208747516,0.6127036502371623,0.3374153522356544,0.2584493041749503
IXIC,4,GRU-hazard,13,0.6475237091675448,0.2613100280685938,0.12922465208747516,0.6559703031552898,0.4513830467494785,0.2584493041749503
IXIC,4,MLP-hazard,13,0.6757990867579908,0.29159471133533943,0.12922465208747516,0.6959166838523407,0.4528404799316407,0.2584493041749503
IXIC,4,TCN-hazard,13,0.6241657885493502,0.19652343083162654,0.12922465208747516,0.6468550216539494,0.3656666495479869,0.2584493041749503
IXIC,4,logreg,13,0.543940990516333,0.19858463173795188,0.12922465208747516,0.5943081047638689,0.38705123697583127,0.2584493041749503
IXIC,4,age_hazard,13,0.5390586582367405,0.1477505162126114,0.12922465208747516,0.5106207465456796,0.2690782364144036,0.2584493041749503
IXIC,5,ENS-hazard,12,0.5439428141459745,0.13148130362076405,0.11928429423459244,0.5374943971313313,0.27845387216687023,0.2286282306163022
IXIC,5,GRU-bce16,12,0.5568096313017306,0.16080457091924139,0.11928429423459244,0.5333482743164499,0.24115409002753901,0.2286282306163022
IXIC,5,GRU-hazard,12,0.5833709556057186,0.20009111307826846,0.11928429423459244,0.5260869565217392,0.2589016272469737,0.2286282306163022
IXIC,5,MLP-hazard,12,0.532242287434161,0.12261739933841166,0.11928429423459244,0.5400941281936351,0.26535711016841695,0.2286282306163022
IXIC,5,TCN-hazard,12,0.49209932279909707,0.12077894875379645,0.11928429423459244,0.5002465262214254,0.26138530523794345,0.2286282306163022
IXIC,5,logreg,12,0.42558314522197144,0.15064853879502887,0.11928429423459244,0.3868220528910803,0.1878185222078939,0.2286282306163022
IXIC,5,age_hazard,12,0.5447893152746426,0.14008008563878588,0.11928429423459244,0.5791573285522188,0.33545418055512216,0.2286282306163022
IXIC,6,ENS-hazard,11,0.6521616161616162,0.19189707881356272,0.10891089108910891,0.6408515535097814,0.29510677061678714,0.21782178217821782
IXIC,6,GRU-bce16,11,0.5195151515151515,0.12221076839477162,0.10891089108910891,0.5730955120828539,0.30305532555293635,0.21782178217821782
IXIC,6,GRU-hazard,11,0.6575757575757575,0.23303877103597373,0.10891089108910891,0.6378135788262371,0.34261589355177746,0.21782178217821782
IXIC,6,MLP-hazard,11,0.6256161616161616,0.161618197893018,0.10891089108910891,0.6031530494821634,0.2711309792774498,0.21782178217821782
IXIC,6,TCN-hazard,11,0.5712323232323232,0.12145243895708163,0.10891089108910891,0.6040046029919447,0.2529097423839292,0.21782178217821782
IXIC,6,logreg,11,0.5407272727272728,0.16246396311661998,0.10891089108910891,0.515880322209436,0.24535741660936888,0.21782178217821782
IXIC,6,age_hazard,11,0.6821212121212121,0.19869418965030652,0.10891089108910891,0.6705523590333717,0.40798850570433687,0.21782178217821782
IXIC,7,ENS-hazard,13,0.6456598447424137,0.22701987162887866,0.12974051896207583,0.6823580895223806,0.4246197309333683,0.25748502994011974
IXIC,7,GRU-bce16,13,0.5792166549047283,0.15247067803968295,0.12974051896207583,0.5839584896224055,0.3168981196303419,0.25748502994011974
IXIC,7,GRU-hazard,13,0.5482357092448835,0.1402678952527242,0.12974051896207583,0.5276527465199633,0.2535787115207508,0.25748502994011974
IXIC,7,MLP-hazard,13,0.6597035991531405,0.2029165205129806,0.12974051896207583,0.7217637742769025,0.42859922355396524,0.25748502994011974
IXIC,7,TCN-hazard,13,0.5684897671136203,0.19199126033152863,0.12974051896207583,0.5863340835208801,0.40846135599083544,0.25748502994011974
IXIC,7,logreg,13,0.5698306280875088,0.20524086552031795,0.12974051896207583,0.6509752438109528,0.36269020775390404,0.25748502994011974
IXIC,7,age_hazard,13,0.4623853211009174,0.12279435671183572,0.12974051896207583,0.48871592898224553,0.263119134549325,0.25748502994011974
DJI,0,ENS-hazard,9,0.6513043478260869,0.25303657008608904,0.0891089108910891,0.6184105749323141,0.308216540489206,0.1801980198019802
DJI,0,GRU-bce16,9,0.6034782608695652,0.14655203407870954,0.0891089108910891,0.5576259489302968,0.2483932037141393,0.1801980198019802
DJI,0,GRU-hazard,9,0.5801932367149759,0.19856934144389243,0.0891089108910891,0.5829219090088655,0.29774199762033,0.1801980198019802
DJI,0,MLP-hazard,9,0.46043478260869564,0.13689207124878827,0.0891089108910891,0.4793226097573924,0.2719980192676847,0.1801980198019802
DJI,0,TCN-hazard,9,0.5308212560386474,0.10447060505844181,0.0891089108910891,0.5230928491798057,0.1941805422728029,0.1801980198019802
DJI,0,logreg,9,0.600048309178744,0.11153571025985948,0.0891089108910891,0.5019907628603282,0.21866856189715,0.1801980198019802
DJI,0,age_hazard,9,0.463792270531401,0.08974979170248085,0.0891089108910891,0.5129266868397303,0.23078550871659276,0.1801980198019802
DJI,1,ENS-hazard,16,0.6033018867924528,0.24537689502217813,0.15873015873015872,0.6112934098988242,0.3973663109300968,0.31547619047619047
DJI,1,GRU-bce16,16,0.5375884433962264,0.18176332383370297,0.15873015873015872,0.4670130343633214,0.29440188470560236,0.31547619047619047
DJI,1,GRU-hazard,16,0.6172759433962265,0.24387872955298445,0.15873015873015872,0.5855254762555829,0.399588078800229,0.31547619047619047
DJI,1,MLP-hazard,16,0.5227594339622641,0.22056539830816482,0.15873015873015872,0.5553003372527573,0.37184555222052795,0.31547619047619047
DJI,1,TCN-hazard,16,0.6322228773584905,0.25654588695266034,0.15873015873015872,0.6320481268799562,0.46866626396902056,0.31547619047619047
DJI,1,logreg,16,0.5136497641509434,0.15107650297300979,0.15873015873015872,0.48876127973748973,0.32267387221672206,0.31547619047619047
DJI,1,age_hazard,16,0.4315595518867924,0.14148159001777702,0.15873015873015872,0.46699480448455016,0.2886470124388579,0.31547619047619047
DJI,2,ENS-hazard,11,0.6464104128533659,0.22373344553650595,0.10956175298804781,0.6322356215213358,0.3514480189281762,0.21912350597609562
DJI,2,GRU-bce16,11,0.5718120805369128,0.148274880133428,0.10956175298804781,0.6234925788497218,0.37265316690563105,0.21912350597609562
DJI,2,GRU-hazard,11,0.6649583079113279,0.20302005084566116,0.10956175298804781,0.686665120593692,0.41828394345371556,0.21912350597609562
DJI,2,MLP-hazard,11,0.5477730323367908,0.17680503753371588,0.10956175298804781,0.5097634508348794,0.2727763639013637,0.21912350597609562
DJI,2,TCN-hazard,11,0.5696969696969696,0.19161537103091164,0.10956175298804781,0.5813543599257884,0.33109869626357474,0.21912350597609562
DJI,2,logreg,11,0.5536302623550947,0.13527944009528942,0.10956175298804781,0.6179035250463821,0.29136051586737594,0.21912350597609562
DJI,2,age_hazard,11,0.4998779743746186,0.11389242901522584,0.10956175298804781,0.4948863636363636,0.21433315680787118,0.21912350597609562
DJI,3,ENS-hazard,12,0.5371246246246246,0.15939251104584368,0.11904761904761904,0.538549879635151,0.29504454071311936,0.23214285714285715
DJI,3,GRU-bce16,12,0.5526276276276275,0.1726467653220047,0.11904761904761904,0.5583162172309459,0.2907940041626187,0.23214285714285715
DJI,3,GRU-hazard,12,0.5654654654654656,0.1900166218718971,0.11904761904761904,0.5419731001126351,0.35814033702355186,0.23214285714285715
DJI,3,MLP-hazard,12,0.4778153153153153,0.11647506872149413,0.11904761904761904,0.48086309326619403,0.22332686273924102,0.23214285714285715
DJI,3,TCN-hazard,12,0.4044294294294294,0.09724906468862057,0.11904761904761904,0.42686455089555864,0.19920039169466955,0.23214285714285715
DJI,3,logreg,12,0.527027027027027,0.13832154415995357,0.11904761904761904,0.46050045274851475,0.20764934005210278,0.23214285714285715
DJI,3,age_hazard,12,0.44553303303303304,0.10757117460486772,0.11904761904761904,0.4061485456834294,0.20141403566849853,0.23214285714285715
DJI,4,ENS-hazard,9,0.5531295487627366,0.12839783198714505,0.08946322067594434,0.5179445789615281,0.21172043781023217,0.17892644135188868
DJI,4,GRU-bce16,9,0.5367782629791363,0.09628488199122051,0.08946322067594434,0.5039009954264192,0.17450555458052996,0.17892644135188868
DJI,4,GRU-hazard,9,0.5553129548762736,0.13941568363646467,0.08946322067594434,0.500026903416734,0.1806790861031923,0.17892644135188868
DJI,4,MLP-hazard,9,0.5015526443474041,0.12647035360522682,0.08946322067594434,0.5045466774280334,0.21555359940472363,0.17892644135188868
DJI,4,TCN-hazard,9,0.5042212518195051,0.13707404864435377,0.08946322067594434,0.5253161151466236,0.24471483193085025,0.17892644135188868
DJI,4,logreg,9,0.5322173702086366,0.12872483684219835,0.08946322067594434,0.4363734194242669,0.15723562384416206,0.17892644135188868
DJI,4,age_hazard,9,0.5196021348859776,0.097551885214011,0.08946322067594434,0.42636534839924667,0.15701448297213216,0.17892644135188868
DJI,5,ENS-hazard,12,0.5383370955605719,0.14160680165005457,0.11928429423459244,0.5218885987815491,0.26203967128891337,0.23856858846918488
DJI,5,GRU-bce16,12,0.5498871331828442,0.1431650901821382,0.11928429423459244,0.5235530896431679,0.2516439176880083,0.23856858846918488
DJI,5,GRU-hazard,12,0.6002257336343116,0.16561116032485057,0.11928429423459244,0.540230635335074,0.2579702741548216,0.23856858846918488
DJI,5,MLP-hazard,12,0.5255079006772009,0.13506053102950347,0.11928429423459244,0.517384682332463,0.25656888095208125,0.23856858846918488
DJI,5,TCN-hazard,12,0.49499623777276147,0.11816451224147152,0.11928429423459244,0.4851174934725849,0.2298752739072082,0.23856858846918488
DJI,5,logreg,12,0.4423250564334086,0.11829391043233095,0.11928429423459244,0.5006309834638816,0.2423701249908078,0.23856858846918488
DJI,5,age_hazard,12,0.46439051918735885,0.11411534784042411,0.11928429423459244,0.5226610095735422,0.24701993027798178,0.23856858846918488
DJI,6,ENS-hazard,13,0.515979020979021,0.1556451901880187,0.12871287128712872,0.549148717948718,0.292557227171216,0.25742574257425743
DJI,6,GRU-bce16,13,0.5197902097902098,0.15157346830238919,0.12871287128712872,0.5803282051282052,0.34540289188937856,0.25742574257425743
DJI,6,GRU-hazard,13,0.5768531468531468,0.1721752212648044,0.12871287128712872,0.535076923076923,0.28959082780790085,0.25742574257425743
DJI,6,MLP-hazard,13,0.4733566433566434,0.1433742304730356,0.12871287128712872,0.5483282051282051,0.2983971892560238,0.25742574257425743
DJI,6,TCN-hazard,13,0.5257692307692308,0.13592084148644418,0.12871287128712872,0.5634666666666668,0.2906231156353095,0.25742574257425743
DJI,6,logreg,13,0.539020979020979,0.18181602341154626,0.12871287128712872,0.4834461538461539,0.2983496065803839,0.25742574257425743
DJI,6,age_hazard,13,0.5308391608391608,0.1427775569239905,0.12871287128712872,0.49341538461538464,0.2502846568007505,0.25742574257425743
DJI,7,ENS-hazard,13,0.49033168666196186,0.13280240194967183,0.12974051896207583,0.4865021770682148,0.29432731309067417,0.25948103792415167
DJI,7,GRU-bce16,13,0.46658433309809455,0.11538404935195445,0.12974051896207583,0.49135392908977815,0.25525487315750256,0.25948103792415167
DJI,7,GRU-hazard,13,0.48937896965419897,0.1282414603536069,0.12974051896207583,0.4541571635911259,0.24119875046485442,0.25948103792415167
DJI,7,MLP-hazard,13,0.48666196189131966,0.14309232326188753,0.12974051896207583,0.493033381712627,0.3268349847305618,0.25948103792415167
DJI,7,TCN-hazard,13,0.46810162314749476,0.12181635113597106,0.12974051896207583,0.43354758449098074,0.2288590988798172,0.25948103792415167
DJI,7,logreg,13,0.4906492589978829,0.14743477467777794,0.12974051896207583,0.4601492846775866,0.24481316351822682,0.25948103792415167
DJI,7,age_hazard,13,0.5067748764996471,0.1472634920125158,0.12974051896207583,0.38890731909599835,0.2126932522301758,0.25948103792415167
RUT,0,ENS-hazard,11,0.6718383838383839,0.22099437643467762,0.10891089108910891,0.6349064800841451,0.28256027766243813,0.2198019801980198
RUT,0,GRU-bce16,11,0.506989898989899,0.11474909935236652,0.10891089108910891,0.44672337311931215,0.18719256666173223,0.2198019801980198
RUT,0,GRU-hazard,11,0.6501414141414141,0.21373461592314758,0.10891089108910891,0.6124982850871176,0.3532809631893889,0.2198019801980198
RUT,0,MLP-hazard,11,0.5052525252525253,0.10999800275452354,0.10891089108910891,0.5342982576485115,0.2312111982629284,0.2198019801980198
RUT,0,TCN-hazard,11,0.5447272727272727,0.12331881078770017,0.10891089108910891,0.5744043535921708,0.2915373764370127,0.2198019801980198
RUT,0,logreg,11,0.6093333333333334,0.16321440364694761,0.10891089108910891,0.5740156400054878,0.3028540907595581,0.2198019801980198
RUT,0,age_hazard,11,0.6028080808080808,0.14011574357065293,0.10891089108910891,0.6843760003658481,0.31849867948230737,0.2198019801980198
RUT,1,ENS-hazard,14,0.562508229098091,0.15790486733099915,0.1388888888888889,0.6496698531585691,0.37912838486238654,0.2757936507936508
RUT,1,GRU-bce16,14,0.41287030941408825,0.11184147224192233,0.1388888888888889,0.4121020991426037,0.22580122113625195,0.2757936507936508
RUT,1,GRU-hazard,14,0.6228768926925609,0.2288813404720938,0.1388888888888889,0.6067606189021385,0.3475448751942677,0.2757936507936508
RUT,1,MLP-hazard,14,0.5005924950625411,0.1380909399166433,0.1388888888888889,0.6142899379126836,0.3512177006399435,0.2757936507936508
RUT,1,TCN-hazard,14,0.5987162606978275,0.19079292626564198,0.1388888888888889,0.6373509411648764,0.4292734385338758,0.2757936507936508
RUT,1,logreg,14,0.5704739960500329,0.16213233686985273,0.1388888888888889,0.6506947866364443,0.3705430626939849,0.2757936507936508
RUT,1,age_hazard,14,0.38327847267939436,0.11910375610227328,0.1388888888888889,0.4658519759534838,0.2655609003976826,0.2757936507936508
RUT,2,ENS-hazard,10,0.5001769911504426,0.09890263010930644,0.099601593625498,0.5284577114427861,0.20129437518998528,0.199203187250996
RUT,2,GRU-bce16,10,0.5344690265486726,0.10678771814079291,0.099601593625498,0.6085323383084578,0.2647235791954606,0.199203187250996
RUT,2,GRU-hazard,10,0.5820796460176991,0.12688666252686545,0.099601593625498,0.6533830845771142,0.3193178976596385,0.199203187250996
RUT,2,MLP-hazard,10,0.48022123893805313,0.09200517703369165,0.099601593625498,0.4772636815920398,0.18378998634593147,0.199203187250996
RUT,2,TCN-hazard,10,0.47911504424778767,0.0917145925041484,0.099601593625498,0.4903233830845771,0.18422120027386074,0.199203187250996
RUT,2,logreg,10,0.664513274336283,0.18166505083595924,0.099601593625498,0.6608457711442786,0.3192002068109274,0.199203187250996
RUT,2,age_hazard,10,0.4648893805309735,0.10440892901601548,0.099601593625498,0.5401119402985075,0.22881223017884633,0.199203187250996
RUT,3,ENS-hazard,13,0.5525144559313124,0.20512318895446965,0.12896825396825398,0.5663718634306869,0.35356139119853214,0.25793650793650796
RUT,3,GRU-bce16,13,0.6131067110565972,0.2064398744761547,0.12896825396825398,0.5617441382147265,0.32280557079178407,0.25793650793650796
RUT,3,GRU-hazard,13,0.5563693709479587,0.15326224128123914,0.12896825396825398,0.5369395310571782,0.29827669084001796,0.25793650793650796
RUT,3,MLP-hazard,13,0.5404941300157702,0.18977517753969747,0.12896825396825398,0.553475935828877,0.3496798766912439,0.25793650793650796
RUT,3,TCN-hazard,13,0.5749430523917995,0.161495688864975,0.12896825396825398,0.6337309749074456,0.36993838107822985,0.25793650793650796
RUT,3,logreg,13,0.4634308743648151,0.11344116557561446,0.12896825396825398,0.5576923076923077,0.28709178755613396,0.25793650793650796
RUT,3,age_hazard,13,0.6178903101454355,0.2046846162527698,0.12896825396825398,0.6238996297819828,0.3908321998907798,0.25793650793650796
RUT,4,ENS-hazard,17,0.6124683366169434,0.2575824290247264,0.16898608349900596,0.6130063965884862,0.42246842460332584,0.33399602385685884
RUT,4,GRU-bce16,17,0.5920349000844356,0.2565567250220186,0.16898608349900596,0.6009950248756218,0.39441652538109445,0.33399602385685884
RUT,4,GRU-hazard,17,0.6301998311286238,0.2714760239435995,0.16898608349900596,0.6226012793176972,0.4143374799422882,0.33399602385685884
RUT,4,MLP-hazard,17,0.5887700534759359,0.23604655514572453,0.16898608349900596,0.5957356076759062,0.4082740162296383,0.33399602385685884
RUT,4,TCN-hazard,17,0.5632423304249929,0.22720942716978174,0.16898608349900596,0.5770788912579957,0.39725828779763706,0.33399602385685884
RUT,4,logreg,17,0.5632423304249929,0.26896303208024624,0.16898608349900596,0.5733830845771144,0.4260080739973565,0.33399602385685884
RUT,4,age_hazard,17,0.5380382775119618,0.19213271622519335,0.16898608349900596,0.6296997157071783,0.4569170130451805,0.33399602385685884
RUT,5,ENS-hazard,14,0.5246783239854834,0.1493102588732245,0.13916500994035785,0.5636730535637319,0.33258498505360967,0.2803180914512923
RUT,5,GRU-bce16,14,0.5480699439129001,0.14872653625545845,0.13916500994035785,0.592531640609694,0.3241430771120217,0.2803180914512923
RUT,5,GRU-hazard,14,0.5920158363576378,0.22047380388446053,0.13916500994035785,0.5451392970494886,0.3235313517342993,0.2803180914512923
RUT,5,MLP-hazard,14,0.5050478389970308,0.14045774440071332,0.13916500994035785,0.5610281728772384,0.32419344515532844,0.2803180914512923
RUT,5,TCN-hazard,14,0.5052457934675024,0.1438966442155326,0.13916500994035785,0.5362054778417774,0.2958808933740666,0.2803180914512923
RUT,5,logreg,14,0.436357637743319,0.11570939869516236,0.13916500994035785,0.3974569961992085,0.2256214690470385,0.2803180914512923
RUT,5,age_hazard,14,0.3876443418013857,0.11829218192264068,0.13916500994035785,0.401688805297598,0.23785792650768775,0.2803180914512923
RUT,6,ENS-hazard,11,0.5961212121212122,0.1701925872300495,0.10891089108910891,0.6186929588121246,0.3160320676272886,0.2099009900990099
RUT,6,GRU-bce16,11,0.6022626262626262,0.13810961297210572,0.10891089108910891,0.5811935499125171,0.2773160576186159,0.2099009900990099
RUT,6,GRU-hazard,11,0.4800808080808081,0.10177158478089943,0.10891089108910891,0.4476048612096279,0.18958047555282698,0.2099009900990099
RUT,6,MLP-hazard,11,0.6117575757575757,0.1707687943320328,0.10891089108910891,0.6380810516858182,0.33251411545568244,0.2099009900990099
RUT,6,TCN-hazard,11,0.644969696969697,0.1533651164578369,0.10891089108910891,0.6508724641793162,0.2857245784406292,0.2099009900990099
RUT,6,logreg,11,0.6116767676767676,0.1846693332710746,0.10891089108910891,0.6175580460585426,0.2874446048768551,0.2099009900990099
RUT,6,age_hazard,11,0.6197979797979798,0.1509706063852256,0.10891089108910891,0.610003783042512,0.2915388054010882,0.2099009900990099
RUT,7,ENS-hazard,16,0.46588479809976246,0.1556439098721802,0.1596806387225549,0.5126397756209174,0.32221856076225575,0.3153692614770459
RUT,7,GRU-bce16,16,0.5146080760095013,0.16041192108099211,0.1596806387225549,0.5502823190759125,0.36422324030975417,0.3153692614770459
RUT,7,GRU-hazard,16,0.5129156769596199,0.17882367852601228,0.1596806387225549,0.49887441414178696,0.33358159308519153,0.3153692614770459
RUT,7,MLP-hazard,16,0.46742874109263655,0.14752415388258672,0.1596806387225549,0.5175849725061815,0.3181919023780603,0.3153692614770459
RUT,7,TCN-hazard,16,0.453562945368171,0.14365042361879904,0.1596806387225549,0.4480754327047274,0.302895572528668,0.3153692614770459
RUT,7,logreg,16,0.5125296912114015,0.17335936623438136,0.1596806387225549,0.5009041591320071,0.3282458697137236,0.3153692614770459
RUT,7,age_hazard,16,0.45617577197149645,0.14202857226881455,0.1596806387225549,0.5233605196147175,0.35986433068064866,0.3153692614770459
