model,horizon,precision,alarm_rate,reversals,recall_events,false_alarm_days_per_year
GRU-bce16,5,0.1726315789473684,0.1179538117705488,89,0.34831460674157305,24.59299726843804
GRU-bce16,10,0.2579979360165119,0.24062577601191953,89,0.550561797752809,44.99329525701515
GRU-hazard,5,0.14749262536873156,0.16836354606406753,89,0.34831460674157305,36.169853488949585
GRU-hazard,10,0.27146574154379877,0.2863173578346163,89,0.5617977528089888,52.56518500124162
MLP-hazard,5,0.14928909952606634,0.10479264961509809,89,0.2696629213483146,22.465358827911594
MLP-hazard,10,0.26206140350877194,0.22647131859945369,89,0.5393258426966292,42.114725602185246
TCN-hazard,5,0.14248704663212436,0.09585299230196176,89,0.20224719101123595,20.713185994536875
TCN-hazard,10,0.27349228611500703,0.17705487956295007,89,0.4157303370786517,32.41519741743233
lgbm,5,0.16565656565656567,0.12292028805562454,89,0.30337078651685395,25.84454929227713
lgbm,10,0.2233712512926577,0.24012912838341197,89,0.4606741573033708,46.99577849515769
logreg,5,0.1292929292929293,0.12292028805562454,89,0.34831460674157305,26.970946113732307
logreg,10,0.244136460554371,0.23292773777005216,89,0.5393258426966292,44.36751924509561
