label,model,e5_auc,e5_wins,e5_p,e10_auc,e10_ap,e10_wins,e10_p,boot5,boot10
le10,age_hazard,0.511572106615371,0/32,,0.5065121877233612,0.4503679644866118,0/32,,,
le10,logreg,0.5041026878428139,15/32,0.7016925520729274,0.5039148155038305,0.4403651500572625,16/32,0.5699749670457095,-0.001 p=0.524,+0.005 p=0.320
le10,GRU-bce16,0.535200969948708,21/32,0.0550920825917273,0.5288931321237264,0.4607272420710308,18/32,0.2983074479270726,+0.028 p=0.012,+0.022 p=0.046
le10,GRU-hazard,0.537630972145873,21/32,0.0550920825917273,0.5334130677185334,0.4552568317496415,20/32,0.1076635748613625,+0.016 p=0.118,+0.015 p=0.140
le10,MLP-hazard,0.5455339233391678,21/32,0.0550920825917273,0.5503586009113726,0.4835589981912969,23/32,0.0100308035034686,+0.040 p=0.002,+0.052 p=0.000
le10,ENS-hazard,0.5554968674904991,22/32,0.0250512298662215,0.5529850340716849,0.4807217890782146,25/32,0.0010512007866054,+0.048 p=0.000,+0.054 p=0.000
le20,age_hazard,0.5204611128443011,0/32,,0.522586161053354,0.2652403417468386,0/32,,,
le20,logreg,0.5348243794120096,21/32,0.0550920825917273,0.5325996098444591,0.2722970800185642,16/32,0.5699749670457095,+0.029 p=0.034,+0.023 p=0.056
le20,GRU-bce16,0.5484866459614389,21/32,0.0550920825917273,0.5463864928743609,0.2779083353188974,19/32,0.1885427937377244,+0.036 p=0.012,+0.023 p=0.070
le20,GRU-hazard,0.5994068487333133,27/32,5.653710104525089e-05,0.581206907932776,0.3182599172804436,25/32,0.0010512007866054,+0.039 p=0.018,+0.017 p=0.176
le20,MLP-hazard,0.52256594723262,15/32,0.7016925520729274,0.5429743967236862,0.2847017112363693,19/32,0.1885427937377244,+0.018 p=0.148,+0.037 p=0.022
le20,ENS-hazard,0.57616645341193,22/32,0.0250512298662215,0.5820779033026167,0.3014270644459241,22/32,0.0250512298662215,+0.038 p=0.022,+0.044 p=0.002
le30,age_hazard,0.516922012773559,0/32,,0.511972061597018,0.2056323868075177,0/32,,,
le30,logreg,0.5387041501830782,15/32,0.7016925520729274,0.5297354006678474,0.2109021878876393,20/32,0.1076635748613625,+0.051 p=0.002,+0.039 p=0.018
le30,GRU-bce16,0.5565219260610013,22/32,0.0250512298662215,0.5674420163889502,0.2269772727088562,22/32,0.0250512298662215,+0.056 p=0.004,+0.056 p=0.000
le30,GRU-hazard,0.6064423264377568,25/32,0.0010512007866054,0.5843182218873422,0.2417114069160974,23/32,0.0100308035034686,+0.061 p=0.004,+0.045 p=0.016
le30,MLP-hazard,0.515304650636063,14/32,0.8114572062622756,0.5300040385096647,0.2240027546845085,15/32,0.7016925520729274,+0.017 p=0.212,+0.032 p=0.054
le30,ENS-hazard,0.5762810654611142,20/32,0.1076635748613625,0.5750276174484854,0.2393351831490836,21/32,0.0550920825917273,+0.064 p=0.000,+0.064 p=0.000
zz5,age_hazard,0.5720258641076538,0/32,,0.5696033274333171,0.390383603397925,0/32,,,
zz5,logreg,0.6444078241887372,19/32,0.1885427937377244,0.6409108905318889,0.4321952929443942,22/32,0.0250512298662215,+0.051 p=0.000,+0.048 p=0.000
zz5,GRU-bce16,0.6200702092661505,16/32,0.5699749670457095,0.6278908206766713,0.3961788283642239,17/32,0.4300250329542905,-0.000 p=0.514,+0.007 p=0.284
zz5,GRU-hazard,0.6729711386099948,25/32,0.0010512007866054,0.6715024430426899,0.4483785390975691,25/32,0.0010512007866054,+0.069 p=0.000,+0.071 p=0.000
zz5,MLP-hazard,0.6326565271686996,23/32,0.0100308035034686,0.6386270847241632,0.4253089541420791,24/32,0.0035001833457499,+0.024 p=0.012,+0.035 p=0.002
zz5,ENS-hazard,0.6705586797650143,27/32,5.653710104525089e-05,0.6711830168015493,0.4505488957806428,28/32,9.650597348809242e-06,+0.069 p=0.000,+0.073 p=0.000
zz7,age_hazard,0.5883490896146986,0/32,,0.5812780555606183,0.276430991409026,0/32,,,
zz7,logreg,0.6285259536392164,19/32,0.1885427937377244,0.6357968360718552,0.3227456361060722,22/32,0.0250512298662215,+0.054 p=0.000,+0.054 p=0.000
zz7,GRU-bce16,0.6172155374555252,22/32,0.0250512298662215,0.6332659727560582,0.2748566242170132,23/32,0.0100308035034686,-0.016 p=0.820,-0.008 p=0.664
zz7,GRU-hazard,0.6719236079511683,21/32,0.0550920825917273,0.6708986080795185,0.3263005380293537,26/32,0.0002675263676792,+0.057 p=0.000,+0.043 p=0.002
zz7,MLP-hazard,0.6417603561742657,23/32,0.0100308035034686,0.6407179003182872,0.3142115974669505,27/32,5.653710104525089e-05,+0.035 p=0.014,+0.034 p=0.008
zz7,ENS-hazard,0.6755679315787434,25/32,0.0010512007866054,0.6759828011085539,0.3444500110761669,29/32,1.2780074030160904e-06,+0.073 p=0.000,+0.067 p=0.000
