label,symbol,sharpe,bh,diff,mdd,mdd_bh,beats_random,exposure
le10,GSPC,0.428,0.496,-0.068,-0.496,-0.53,0.26,0.925
le10,IXIC,0.605,0.606,-0.001,-0.427,-0.5,0.78,0.913
le10,DJI,0.394,0.461,-0.067,-0.406,-0.499,0.32,0.924
le10,RUT,0.367,0.387,-0.02,-0.497,-0.543,0.67,0.928
le20,GSPC,0.577,0.496,0.08,-0.395,-0.53,0.99,0.97
le20,IXIC,0.639,0.606,0.033,-0.397,-0.5,0.93,0.966
le20,DJI,0.475,0.461,0.013,-0.396,-0.499,0.85,0.96
le20,RUT,0.367,0.387,-0.02,-0.496,-0.543,0.43,0.973
le30,GSPC,0.538,0.496,0.042,-0.472,-0.53,0.99,0.987
le30,IXIC,0.619,0.606,0.013,-0.475,-0.5,0.85,0.987
le30,DJI,0.486,0.461,0.025,-0.432,-0.499,0.93,0.983
le30,RUT,0.397,0.387,0.009,-0.504,-0.543,0.76,0.98
zz5,GSPC,0.619,0.496,0.123,-0.362,-0.53,0.99,0.941
zz5,IXIC,0.626,0.606,0.02,-0.392,-0.5,0.85,0.93
zz5,DJI,0.511,0.461,0.049,-0.43,-0.499,0.94,0.947
zz5,RUT,0.432,0.387,0.045,-0.459,-0.543,0.92,0.917
zz7,GSPC,0.563,0.496,0.066,-0.387,-0.53,0.97,0.97
zz7,IXIC,0.669,0.606,0.063,-0.39,-0.5,0.96,0.967
zz7,DJI,0.501,0.461,0.04,-0.413,-0.499,0.89,0.97
zz7,RUT,0.367,0.387,-0.02,-0.47,-0.543,0.54,0.954
