experiment,split,auc_flat,trend_acc,balanced_acc,auc_d1_2,auc_d1_5,auc_d6_16,auc_d1,auc_d2,auc_d3,auc_d4,auc_d5,auc_d6,auc_d7,auc_d8,auc_d9,auc_d10,auc_d11,auc_d12,auc_d13,auc_d14,auc_d15,auc_d16,model,seed,lr,epochs,threshold,pred_down_share,true_down_share,true_reversals,type_correct,in_range_5d,n_signals,n_buy,longshort_profit,longonly_profit,oracle_profit,buy_hold_profit,seconds
always_uptrend,val,0.5,0.68421875,0.5,,,,,,,,,,,,,,,,,,,,,,,,,,,,,,,,,,,,
rule_momentum5,val,0.5710073346102507,,,0.6750581818181817,0.6412218181818181,0.5396298668839491,0.6874545454545453,0.662661818181818,0.6390618181818182,0.6155999999999999,0.6013309090909091,0.5849381818181818,0.5738545454545454,0.5657672727272727,0.5589018181818182,0.5496581818181818,0.5487486965589156,0.5390960745291454,0.5262810202205883,0.5113776137761377,0.4946438746438746,0.4826612559947785,,,,,,,,,,,,,,,,,
rule_ma20_distance,val,0.5844925948244506,,,0.7294290909090908,0.6865541818181818,0.5388800021788013,0.7446327272727272,0.7142254545454545,0.6848000000000001,0.6553018181818182,0.6338109090909091,0.6146618181818181,0.6001381818181818,0.5844218181818182,0.5689527272727273,0.5510981818181818,0.5367135905457073,0.5215165412015805,0.5078268612132353,0.496317114333934,0.4803133903133902,0.4657197990862397,,,,,,,,,,,,,,,,,
always_uptrend,test,0.5,0.7071068548387097,0.5,,,,,,,,,,,,,,,,,,,,,,,,,,,,,,,,,,,,
rule_momentum5,test,0.6186413780957873,,,0.7201145821457074,0.6934500083681522,0.585237318538826,0.7313906940802393,0.7088384702111756,0.6931681424897705,0.6761170017355173,0.6577357333240588,0.6434532828282828,0.630334143243865,0.6100095646811563,0.595999384327362,0.5865980480706509,0.580771819960861,0.5731671480911831,0.5685459329381911,0.5594585161547666,0.5509009009009009,0.5383717627298662,,,,,,,,,,,,,,,,,
rule_ma20_distance,test,0.6271502417632604,,,0.778789635034647,0.736814147717575,0.5781760701044126,0.7931440732717668,0.7644351967975271,0.7365529079415751,0.7081797337184408,0.6817588268585647,0.6596306818181817,0.6393944264289249,0.6181835915377742,0.5993541719674197,0.5862562095438808,0.5733792563600784,0.5590495304547899,0.548002284708372,0.537703804347826,0.5256601429015222,0.5133226710797693,,,,,,,,,,,,,,,,,
TransformerEncoderPE_s42,val,0.5832365438077171,0.493203125,0.5648408936131795,0.7383272727272727,0.6911578181818182,0.4941048728125496,0.7639563636363635,0.7126981818181818,0.7251854545454546,0.6345163636363637,0.6194327272727274,0.5965963636363637,0.5423636363636364,0.6038981818181818,0.51968,0.4649381818181818,0.515250260688217,0.3447405612759943,0.4779627182904412,0.4667539117251638,0.4712393162393162,0.4317304690825506,TransformerEncoderPE,42.0,0.0001,50.0,0.3008127808570862,0.670546875,0.31578125,19.0,12.0,5.0,108.0,52.0,-836.9935552109,-20.7217531914,3694.5415578300745,846.809814453125,146.2130069732666
TransformerEncoderPE_s42,test,0.627409685414652,0.4803427419354839,0.5671738504547437,0.756494730108058,0.7327563827114115,0.5466103688865,0.7969935646511862,0.7159958955649298,0.7463167762449486,0.7077680234104815,0.6967076536855118,0.67603851010101,0.5734261106331483,0.6171641978882192,0.6143407748051679,0.5761296352049776,0.568028180039139,0.459432169161321,0.5603496977131068,0.4070882778220981,0.5058993476234855,0.4548171567598276,TransformerEncoderPE,42.0,0.0001,50.0,0.3008127808570862,0.6818044354838709,0.2928931451612903,26.0,15.0,6.0,147.0,63.0,2244.7215207969,2160.0306822734,12808.063606632815,2220.14013671875,146.2130069732666
TransformerEncoderPE_s1,val,0.5777007413254682,0.51796875,0.5518981500366273,0.7182327272727274,0.6768625454545455,0.500509800855857,0.7385527272727274,0.6979127272727272,0.6705745454545455,0.6572581818181817,0.6200145454545455,0.6068072727272728,0.5677745454545454,0.5355490909090909,0.5330545454545454,0.4211636363636364,0.5071109952496814,0.5095324622883678,0.4022073184742646,0.4923338768271403,0.42,0.5100740656658815,TransformerEncoderPE,1.0,0.0001,50.0,0.3055870234966278,0.57296875,0.31578125,19.0,12.0,8.0,105.0,49.0,-323.2549349004,252.5225569639,3694.5415578300745,846.809814453125,146.30772972106934
TransformerEncoderPE_s1,test,0.6146172077926101,0.5132056451612903,0.5632440773818581,0.7796526431801771,0.737515786497817,0.5183517508671811,0.7960165444203753,0.7632887419399789,0.7293068065214914,0.7071377899390668,0.6918290496681727,0.6665498737373737,0.5487411721327748,0.6300387621288968,0.6152799896969069,0.5664672085904963,0.3282598825831702,0.6070106663665578,0.4628438376858276,0.4729133426406063,0.3709521590556073,0.4328123649207741,TransformerEncoderPE,1.0,0.0001,50.0,0.3055870234966278,0.5946068548387097,0.2928931451612903,26.0,16.0,11.0,154.0,72.0,1861.9973825195,1968.0936619629,12808.063606632815,2220.14013671875,146.30772972106934
TransformerEncoderPE_s2,val,0.5525693819598486,0.4490625,0.5476386387778746,0.6930436363636363,0.6476901818181818,0.4984767303871898,0.6999418181818182,0.6861454545454544,0.6247127272727273,0.6268945454545456,0.6007563636363636,0.5479709090909091,0.58112,0.4168218181818182,0.5211563636363636,0.5615345454545455,0.5098916695632024,0.4647327737878919,0.3828484030330882,0.5032967190137018,0.5090954415954416,0.4847753909021254,TransformerEncoderPE,2.0,0.0001,50.0,0.2700132727622986,0.75,0.31578125,19.0,7.0,0.0,159.0,84.0,436.0877212148,600.7937385371,3694.5415578300745,846.809814453125,158.07693195343018
TransformerEncoderPE_s2,test,0.6435008221470684,0.4481854838709677,0.5683767818803538,0.7775465866048468,0.7340712500241262,0.5731228272240133,0.7855496015911019,0.7695435716185915,0.7310708268409786,0.6996953343721102,0.684496915697849,0.6827398989898992,0.6404154809513455,0.5587472784706579,0.5997279732119578,0.5626693511967484,0.5901526418786693,0.5612722111765516,0.4780970751363178,0.578346255484643,0.5545448897173035,0.4976380432500525,TransformerEncoderPE,2.0,0.0001,50.0,0.2700132727622986,0.7618447580645161,0.2928931451612903,26.0,6.0,0.0,209.0,97.0,821.2438184727,1465.0668555254,12808.063606632815,2220.14013671875,158.07693195343018
DLinear_s42,val,0.6292077172334922,0.558515625,0.6224270361026532,0.7277018181818182,0.6887214545454546,0.5984327050937537,0.7385090909090909,0.7168945454545455,0.6865890909090909,0.6572872727272727,0.6443272727272727,0.6336363636363637,0.6235127272727273,0.6007418181818182,0.6068727272727273,0.5864654545454545,0.596584984358707,0.5983170372934152,0.5839125689338235,0.5573314454074774,0.5964672364672364,0.5989173926615398,DLinear,42.0,0.0001,50.0,0.2495842576026916,0.628359375,0.31578125,19.0,10.0,5.0,90.0,20.0,-282.111257668,263.5876995313,3694.5415578300745,846.809814453125,68.79137659072876
DLinear_s42,test,0.5747023101678199,0.4572076612903226,0.5292926915077293,0.7347540505960298,0.6855802888956954,0.4975650415405087,0.753927082937458,0.7155810182546016,0.6828183787481473,0.6531055625229607,0.6224694020153093,0.5827083333333334,0.5516908851975457,0.5336871845857611,0.5096889910821703,0.5058206633549099,0.4755099804305284,0.463449250353253,0.4562113167972883,0.4629630783805345,0.469928549238894,0.4615572241913771,DLinear,42.0,0.0001,50.0,0.2495842576026916,0.6618951612903226,0.2928931451612903,26.0,7.0,3.0,149.0,18.0,57.9734263027,1108.0321885312,12808.063606632815,2220.14013671875,68.79137659072876
DLinear_s1,val,0.6154752242355022,0.551640625,0.5957546526486732,0.7157854545454545,0.6792960000000001,0.5682244219136527,0.7259854545454545,0.7055854545454545,0.676509090909091,0.6558981818181818,0.6325018181818182,0.6090327272727274,0.6004727272727273,0.6046109090909091,0.5911272727272727,0.5623927272727274,0.5619931062449312,0.5429105015719189,0.552001953125,0.5312580451385909,0.5397792022792023,0.5548894690541729,DLinear,1.0,0.0001,50.0,0.2822684645652771,0.584453125,0.31578125,19.0,11.0,8.0,86.0,28.0,111.1804913828,453.4602408086,3694.5415578300745,846.809814453125,64.12740135192871
DLinear_s1,test,0.5709622883463648,0.473891129032258,0.5220372545161418,0.741642280748426,0.6942527630607239,0.4921322116254059,0.7611636833504352,0.7221208781464168,0.6915022992437199,0.6585749756140817,0.6379019789489659,0.5924147727272727,0.5541363738068,0.5404359480990197,0.5348059217655983,0.493759094786492,0.4718716242661448,0.4878862337597379,0.4480462934352088,0.4276556890706023,0.4361323392357875,0.4263100369268009,DLinear,1.0,0.0001,50.0,0.2822684645652771,0.6071068548387096,0.2928931451612903,26.0,9.0,4.0,136.0,33.0,298.8934360801,1153.512156791,12808.063606632815,2220.14013671875,64.12740135192871
DLinear_s2,val,0.627633910507382,0.555625,0.6131207500509325,0.7254654545454544,0.6903185454545454,0.5918324546116428,0.7401163636363635,0.7108145454545455,0.6824436363636364,0.6767563636363635,0.6414618181818181,0.6297309090909091,0.6111200000000001,0.6237672727272727,0.6037527272727273,0.5857309090909091,0.580820588576063,0.5955120994491073,0.5684168198529411,0.5630953402557282,0.5685897435897436,0.579620590822668,DLinear,2.0,0.0001,50.0,0.258093386888504,0.614375,0.31578125,19.0,9.0,6.0,79.0,25.0,-136.925564082,332.5522326074,3694.5415578300745,846.809814453125,67.87133073806763
DLinear_s2,test,0.5828558241680437,0.477016129032258,0.5408296326074027,0.7477910158476798,0.6999716298794485,0.5001394363915719,0.7658476798540644,0.7297343518412952,0.6972060705101407,0.6669358618680247,0.6401341853237174,0.5984280303030303,0.5677914023427529,0.5295812934972753,0.5195460356650364,0.5033101886697777,0.4854982387475538,0.4732715609408411,0.4637489817129694,0.454589648982848,0.4560981671326499,0.4496702523125564,DLinear,2.0,0.0001,50.0,0.258093386888504,0.6371471774193549,0.2928931451612903,26.0,8.0,4.0,136.0,27.0,274.5411088809,1216.2558604668,12808.063606632815,2220.14013671875,67.87133073806763
PatchTST_s42,val,0.5864098353449999,0.51859375,0.5696069891397237,0.7082436363636364,0.6597672727272726,0.5491247582774182,0.7224290909090909,0.6940581818181819,0.6459490909090909,0.5875636363636363,0.6488363636363635,0.6342545454545455,0.6642763636363636,0.6418763636363637,0.5331927272727273,0.6270909090909091,0.4799994206928513,0.5536904040841049,0.5581198299632353,0.4432907119768872,0.5020299145299145,0.4025511507136979,PatchTST,42.0,0.0001,50.0,0.3173163831233978,0.6128125,0.31578125,19.0,8.0,1.0,178.0,95.0,152.996996293,465.6685420918,3694.5415578300745,846.809814453125,386.79141902923584
PatchTST_s42,test,0.5655903248033834,0.4731854838709677,0.5342399073806834,0.6956447383422644,0.6722029829183944,0.502728896824925,0.6990270968722685,0.6922623798122602,0.6694187917252563,0.6705272425543773,0.6297794036278097,0.5061710858585857,0.5968221253691081,0.5648542015379001,0.5422788054694347,0.4786868382758794,0.5005244618395304,0.4699203461254705,0.4702410492179867,0.4839636517750299,0.4519136377757068,0.4646416618295438,PatchTST,42.0,0.0001,50.0,0.3173163831233978,0.6332157258064516,0.2928931451612903,26.0,10.0,2.0,271.0,114.0,2639.4201792266,2330.5900944961,12808.063606632815,2220.14013671875,386.79141902923584
TCN_s42,val,0.5580625430016116,0.471953125,0.5600365210731485,0.7060654545454546,0.6572887272727272,0.4912279941854957,0.7252363636363638,0.6868945454545454,0.6474327272727273,0.6245454545454545,0.6023345454545453,0.5768581818181817,0.5568218181818182,0.5242036363636364,0.5124727272727273,0.5326981818181818,0.4871755879967558,0.476482506994318,0.462380801930147,0.4304828513401413,0.428468660968661,0.4154629813558841,TCN,42.0,0.0001,50.0,0.2783581614494324,0.716953125,0.31578125,19.0,7.0,2.0,132.0,23.0,-258.4140083027,276.657986083,3694.5415578300745,846.809814453125,107.05646753311156
TCN_s42,test,0.625947065006664,0.4654737903225806,0.565329274234031,0.7650400942499904,0.7337028313194955,0.5434246610624535,0.7751808358352652,0.7548993526647158,0.7308016316396205,0.7046801961007867,0.7029521403570897,0.6631739267676768,0.65510101821826,0.5477510414175863,0.5625331787869364,0.5412856264739827,0.5256579256360079,0.5573770491803278,0.500082711436963,0.4825021190666135,0.477654551102827,0.4645521235998073,TCN,42.0,0.0001,50.0,0.2783581614494324,0.7140120967741935,0.2928931451612903,26.0,9.0,2.0,207.0,27.0,-75.926820707,1029.1619197207,12808.063606632815,2220.14013671875,107.05646753311156
TCN_s1,val,0.5657487932994945,0.489296875,0.55985482531614,0.6910836363636365,0.6578829090909091,0.5030801658973478,0.6954472727272729,0.68672,0.6609127272727272,0.6308218181818182,0.6155127272727272,0.5862109090909091,0.5668,0.5630981818181817,0.5031563636363636,0.5449381818181819,0.4881748928281774,0.4427547518098699,0.4918787339154412,0.4610543779856402,0.3992806267806268,0.4865348051874343,TCN,1.0,0.0001,50.0,0.2889582216739654,0.669453125,0.31578125,19.0,6.0,2.0,104.0,42.0,30.3174299062,433.493797961,3694.5415578300745,846.809814453125,99.8880443572998
TCN_s1,test,0.6316446195682447,0.4899697580645161,0.5726706936030768,0.7598398763602274,0.7213479447215396,0.5608271880217318,0.7647297280178365,0.7549500247026185,0.7445195024005878,0.7024031213975348,0.6401373470891206,0.6703030303030303,0.5863027426658978,0.6589247284763211,0.623167510075357,0.5306839279442018,0.5803679060665363,0.4995670305485738,0.5060036018489907,0.5596174461507778,0.4176048462255359,0.5365562979338281,TCN,1.0,0.0001,50.0,0.2889582216739654,0.6695564516129032,0.2928931451612903,26.0,11.0,4.0,176.0,62.0,3302.9681068359,2656.8841999024,12808.063606632815,2220.14013671875,99.8880443572998
TCN_s2,val,0.5558057528854088,0.452890625,0.5490372610765767,0.6852581818181819,0.653008,0.4843625799986621,0.7100072727272728,0.6605090909090909,0.6645890909090908,0.6230690909090909,0.6068654545454546,0.5886472727272727,0.5446254545454545,0.5531127272727272,0.5046690909090908,0.4832727272727273,0.4510340632603406,0.4697369559574284,0.5034754136029411,0.4470379587516805,0.418511396011396,0.3638653196742246,TCN,2.0,0.0001,50.0,0.2597410380840301,0.742890625,0.31578125,19.0,6.0,1.0,99.0,28.0,136.1610003242,465.8638975762,3694.5415578300745,846.809814453125,108.61296820640564
TCN_s2,test,0.6252591630540759,0.4651713709677419,0.5632001079358208,0.7710352297343519,0.7198674829748545,0.549464873672203,0.7871996098253081,0.7548708496433956,0.7065708965150307,0.6726554681462901,0.6780405907442479,0.6556218434343434,0.6006825938566553,0.6016971016499075,0.5971898941734124,0.5499868282402529,0.5525135029354208,0.5064242037738681,0.5566916673689336,0.485054347826087,0.48825100963032,0.4500006175050326,TCN,2.0,0.0001,50.0,0.2597410380840301,0.7104838709677419,0.2928931451612903,26.0,8.0,3.0,140.0,36.0,720.771253916,1432.3560965254,12808.063606632815,2220.14013671875,108.61296820640564
LightGBM_s42,val,0.5278971631393998,,,0.6306,0.5766472727272728,0.5048225988845878,0.65288,0.60832,0.5533890909090909,0.5374399999999999,0.5312072727272728,0.53664,0.5268727272727272,0.5297890909090909,0.5277745454545455,0.5388218181818182,0.5136499246900708,0.4909145972138098,0.4819479549632353,0.467154380846134,0.4637464387464387,0.4757371094525951,LightGBM,42.0,,,,,,,,,,,,,,,
LightGBM_s42,test,0.5898158274525349,,,0.7600583995236828,0.7094524352042002,0.5243301480693447,0.7810492912248699,0.7390675078224958,0.7212309504807509,0.6659825941549805,0.6399318323379042,0.6077872474747474,0.5889908892943694,0.5407537220453316,0.5316710172105632,0.5330611169652266,0.5109197651663405,0.4956921884183016,0.4933097371649017,0.4933592191862784,0.486561043802423,0.4855256820343085,LightGBM,42.0,,,,,,,,,,,,,,,
LightGBM_s1,val,0.527364900786546,,,0.6242981818181819,0.5762472727272727,0.502815897147322,0.6371127272727272,0.6114836363636365,0.5524727272727272,0.5351127272727273,0.5450545454545455,0.5150036363636363,0.5219927272727273,0.5243781818181819,0.5392945454545454,0.5384509090909091,0.5181612791101843,0.5073260073260073,0.4811652688419118,0.4617623501816414,0.4629558404558405,0.4604841227049576,LightGBM,1.0,,,,,,,,,,,,,,,
LightGBM_s1,test,0.5831024431421213,,,0.7528788051533463,0.7089316545578825,0.5147683738925134,0.7734769885607874,0.7322806217459051,0.7077300193820545,0.6851239564727194,0.6460466866279455,0.6008806818181818,0.5742297183591275,0.5566361268075359,0.5263969643569519,0.5131905765467409,0.5039874755381604,0.4820309862325093,0.4893770424262854,0.4704546021140805,0.4693351972662317,0.475932741351842,LightGBM,1.0,,,,,,,,,,,,,,,
LightGBM_s2,val,0.5318911364448129,,,0.628349090909091,0.5761381818181819,0.5109076448827995,0.6429527272727273,0.6137454545454547,0.5583636363636364,0.5408581818181818,0.5247709090909092,0.5336290909090909,0.5388727272727273,0.5390909090909091,0.5325599999999999,0.5491490909090908,0.5118251071718225,0.493986328631998,0.5066492417279412,0.4715666924111101,0.4619871794871794,0.4806677260989245,LightGBM,2.0,,,,,,,,,,,,,,,
LightGBM_s2,test,0.586218097603191,,,0.7547679220664056,0.7068147623663072,0.5214617443118104,0.7729069281343821,0.7366289159984292,0.7069921078300966,0.6732065265584819,0.644339333310147,0.6090656565656567,0.5695624907427541,0.5486666079361684,0.537840308338909,0.530608660745647,0.5037275929549903,0.5090188943492016,0.4894519508974971,0.4809657957718389,0.4810717614165889,0.4760994677106618,LightGBM,2.0,,,,,,,,,,,,,,,
GRU_s42,val,0.5848376952932777,0.518046875,0.5746694137227076,0.7160145454545455,0.6726676363636364,0.5082622701786232,0.7351054545454545,0.6969236363636364,0.6621527272727272,0.6423563636363636,0.6268,0.5913818181818181,0.5855490909090908,0.5597527272727273,0.5506327272727273,0.5100654545454545,0.5111661452902329,0.5077225923682617,0.5067928538602942,0.4020781486884636,0.4527492877492877,0.4129941258264991,GRU,42.0,0.0001,50.0,0.3077479600906372,0.626171875,0.31578125,19.0,8.0,6.0,69.0,19.0,-165.4098544023,314.6233920879,3694.5415578300745,846.809814453125,108.28667330741882
GRU_s42,test,0.645121552242516,0.5199092741935484,0.5872887036280123,0.7699030263874638,0.7301360117073552,0.5749441794461325,0.782430104257718,0.7573759485172096,0.7276187942588582,0.7009082962794057,0.6823469152235844,0.6648232323232324,0.6305484386374596,0.6099246152103601,0.5926210377853376,0.5772053289176576,0.58213385518591,0.5653049230346,0.5602903951733975,0.4817573294774631,0.5298664181422802,0.5299104000197601,GRU,42.0,0.0001,50.0,0.3077479600906372,0.6265120967741935,0.2928931451612903,26.0,10.0,8.0,125.0,22.0,1680.7571790449,1919.3839711992,12808.063606632815,2220.14013671875,108.28667330741882
GRU_s1,val,0.5721009978690297,0.498828125,0.5681520953938882,0.7194072727272727,0.672770909090909,0.4943423012417249,0.7318472727272728,0.7069672727272727,0.6618909090909091,0.65056,0.6125890909090909,0.5911345454545455,0.5696654545454546,0.5375927272727273,0.5051199999999999,0.5026254545454546,0.4960027806743134,0.4652230971128609,0.4772159352022059,0.4021854172030092,0.4510470085470085,0.4399528931013933,GRU,1.0,0.0001,50.0,0.2902556657791137,0.663046875,0.31578125,19.0,7.0,4.0,86.0,8.0,-418.2471389844,172.0249517158,3694.5415578300745,846.809814453125,100.28809118270874
GRU_s1,test,0.6503862570782437,0.5045362903225806,0.5912873227089561,0.7861449980364587,0.7415486850626051,0.5697689218267128,0.8003521706634238,0.7719378254094935,0.7428869126794106,0.7084996009577015,0.6840669156029962,0.6633017676767676,0.6251343285463524,0.6312186158899559,0.6235947114976865,0.5813011189723518,0.57733072407045,0.5256686798964625,0.5502776295214284,0.4483898210011966,0.5444641192917055,0.4967766237294834,GRU,1.0,0.0001,50.0,0.2902556657791137,0.6716229838709677,0.2928931451612903,26.0,10.0,6.0,139.0,12.0,-1670.5014148652,257.6396278906,12808.063606632815,2220.14013671875,100.28809118270874
GRU_s2,val,0.5680551034191231,0.489375,0.5624431141432407,0.7092145454545454,0.658352,0.4946141145346251,0.718690909090909,0.6997381818181818,0.6517381818181819,0.6212436363636363,0.6003490909090908,0.5733163636363636,0.5558254545454545,0.5530036363636364,0.5418472727272727,0.5294763636363636,0.4885007530992933,0.4560079028582965,0.4406594669117646,0.4813567321719729,0.3978988603988604,0.4228624535315985,GRU,2.0,0.0001,50.0,0.2835805118083954,0.6753125,0.31578125,19.0,7.0,3.0,90.0,10.0,-5.8166039863000005,395.8316882412,3694.5415578300745,846.809814453125,101.41529965400696
GRU_s2,test,0.6505276965251773,0.5002016129032258,0.5890790985003788,0.7850333802049684,0.7433239010292071,0.5730768157979471,0.79983594927729,0.7702308111326468,0.7465828044439377,0.713370450601097,0.686599489691064,0.6793181818181818,0.6469357334417416,0.6264897620156307,0.6088876742966097,0.615450474183351,0.5554849315068493,0.5254342199047155,0.5556741606349741,0.5531979208216993,0.4648244796520658,0.4721474355015994,GRU,2.0,0.0001,50.0,0.2835805118083954,0.6776713709677419,0.2928931451612903,26.0,9.0,5.0,132.0,8.0,-1624.6864238027,273.5322869629,12808.063606632815,2220.14013671875,101.41529965400696
PatchTST_s2,val,0.495588708377067,0.440859375,0.5064071765756203,0.5380836363636363,0.5444523636363636,0.4740527820356945,0.5891636363636363,0.4870036363636363,0.4515927272727272,0.5995999999999999,0.5949018181818182,0.5211563636363636,0.3916654545454546,0.4550327272727273,0.4948654545454545,0.6061890909090909,0.4514178542463214,0.4056920769519195,0.552490234375,0.4271432249206213,0.4763888888888888,0.4325392321007973,PatchTST,2.0,0.0001,50.0,0.3354083895683288,0.675546875,0.31578125,19.0,11.0,2.0,366.0,131.0,136.0510679531,472.2004607344,3694.5415578300745,846.809814453125,339.830096244812
PatchTST_s2,test,0.5039181259843063,0.4246975806451613,0.505649353156028,0.5929214330052319,0.5273055043880287,0.4899569993704775,0.6525165000823421,0.5333263659281218,0.462407681880946,0.5798337957156792,0.408443178333054,0.5949068813131313,0.5540292261100029,0.5230150140323939,0.4747322923439852,0.5326973255055447,0.455545988258317,0.4883051356116592,0.3724667671688655,0.446808311727164,0.4867148182665424,0.4603052327376468,PatchTST,2.0,0.0001,50.0,0.3354083895683288,0.6930947580645161,0.2928931451612903,26.0,15.0,3.0,505.0,191.0,1373.0150859023,1671.7823232246,12808.063606632815,2220.14013671875,339.830096244812
LSTM_s42,val,0.5328606607104056,0.455859375,0.5477429612950749,0.6655127272727273,0.6295912727272727,0.4717741411913636,0.6778909090909091,0.6531345454545454,0.6247636363636364,0.5986400000000001,0.5935272727272728,0.5711709090909092,0.5197745454545454,0.5079418181818182,0.4926981818181818,0.4710327272727272,0.4579785077047851,0.4498644400219204,0.4634578929227941,0.4629780600131583,0.3890811965811965,0.4035372740429637,LSTM,42.0,0.0001,50.0,0.281284749507904,0.731796875,0.31578125,19.0,6.0,0.0,126.0,10.0,-532.0302490879,118.8398559248,3694.5415578300745,846.809814453125,69.99692296981812
LSTM_s42,test,0.606892728621401,0.4549899193548387,0.5603354148072878,0.7224106588631728,0.6929704008053608,0.5486258265456092,0.7297438528484019,0.7150774648779437,0.6802024347914213,0.6683356769150863,0.6714925745939503,0.6394602272727272,0.5887734424979281,0.5681168904718156,0.5649110572921084,0.5550046414772443,0.5488500978473582,0.5317083692838653,0.5193060978616753,0.5059271539688871,0.4907626592109351,0.5220634548171568,LSTM,42.0,0.0001,50.0,0.281284749507904,0.7293346774193549,0.2928931451612903,26.0,8.0,0.0,158.0,18.0,-1208.6133444688,474.7283619453,12808.063606632815,2220.14013671875,69.99692296981812
LSTM_s1,val,0.5008164585847233,0.446796875,0.53092904159217,0.6223036363636363,0.5880705454545454,0.4636963392872607,0.6773963636363637,0.567210909090909,0.5935272727272727,0.5891490909090908,0.5130690909090909,0.5293163636363636,0.5798472727272727,0.5031636363636363,0.4501890909090909,0.4949818181818181,0.4783483953191982,0.3945660638574024,0.4007640165441176,0.410580966274779,0.409002849002849,0.4498992593433412,LSTM,1.0,0.0001,50.0,0.3032679855823517,0.716953125,0.31578125,19.0,7.0,0.0,309.0,31.0,299.0655314531,542.026227918,3694.5415578300745,846.809814453125,72.18620729446411
LSTM_s1,test,0.5852364669938621,0.446320564516129,0.5584391289479168,0.7146269587909652,0.6811103017217579,0.5455271718994759,0.7382456707077617,0.6910082468741686,0.698352525367689,0.6963430623646106,0.5816020032945595,0.6226830808080809,0.5734859872872409,0.5793365131703143,0.5567031358469111,0.5533958051081338,0.5325244618395303,0.5287635517875231,0.5265753407555143,0.5228360590347029,0.4883286735010873,0.5161662817551963,LSTM,1.0,0.0001,50.0,0.3032679855823517,0.7464717741935484,0.2928931451612903,26.0,9.0,0.0,443.0,25.0,-327.9110470352,849.8549897109,12808.063606632815,2220.14013671875,72.18620729446411
LSTM_s2,val,0.548876342251981,0.44515625,0.552177868846624,0.6927745454545455,0.643328,0.4800462857881356,0.7156800000000001,0.669869090909091,0.6212,0.6171854545454545,0.5927054545454544,0.5657599999999999,0.5535054545454546,0.5467854545454546,0.5124,0.4526254545454545,0.49829828525084,0.4730826915866286,0.4587474149816176,0.3995251580422781,0.420505698005698,0.399273532166066,LSTM,2.0,0.0001,50.0,0.2754942774772644,0.77125,0.31578125,19.0,7.0,1.0,116.0,27.0,-392.276549293,192.2202140596,3694.5415578300745,846.809814453125,68.5491669178009
LSTM_s2,test,0.5908473031850255,0.4328629032258064,0.5552739360274184,0.7483832452906675,0.6924066405326688,0.5106013871063088,0.7675071890953775,0.7292593014859574,0.6825491835467893,0.6455395938636161,0.6371779346716033,0.5947048611111111,0.6217213592630759,0.6080840433431077,0.5390496653065328,0.484237794169301,0.4621463796477495,0.4955077465581272,0.5184508928153413,0.4183255634224172,0.4677135756446101,0.4066733768880216,LSTM,2.0,0.0001,50.0,0.2754942774772644,0.7726310483870967,0.2928931451612903,26.0,8.0,1.0,198.0,36.0,-222.7012183145,937.0547295039,12808.063606632815,2220.14013671875,68.5491669178009
PatchTST_s1,val,0.6451532854558987,0.57015625,0.6159461868693403,0.729930909090909,0.7057512727272727,0.6018067185989183,0.7104072727272727,0.7494545454545454,0.7110618181818182,0.6653381818181818,0.6924945454545455,0.7206254545454545,0.6716945454545454,0.6608218181818182,0.6391127272727273,0.5858327272727273,0.6081131966168463,0.5810042975397306,0.539593864889706,0.5038008810320661,0.600505698005698,0.5087686937767814,PatchTST,1.0,0.0001,50.0,0.290402740240097,0.5815625,0.31578125,19.0,10.0,3.0,139.0,79.0,-168.5624379004,320.6737371045,3694.5415578300745,846.809814453125,405.5451536178589
PatchTST_s1,test,0.556551570738387,0.4806451612903226,0.5363392904971447,0.5990685846033014,0.579661610246099,0.5424990418899845,0.620938319461863,0.5771988497447398,0.5820332788608925,0.5629885101154055,0.5551490930475941,0.5632796717171717,0.5514986496238801,0.5410337406712896,0.4902356204315362,0.5443010186160872,0.5478011741682975,0.5218016530992484,0.5906938709264618,0.5815934134423615,0.5292948120534328,0.5059558360400638,PatchTST,1.0,0.0001,50.0,0.290402740240097,0.6194052419354839,0.2928931451612903,26.0,11.0,3.0,233.0,107.0,1489.1255916367,1823.5978299981,12808.063606632815,2220.14013671875,405.5451536178589
TSMixer_s42,val,0.5935247976855035,0.584140625,0.5654832694705139,0.6544618181818183,0.6365061818181819,0.5775492144386877,0.649149090909091,0.6597745454545455,0.6703854545454545,0.6283636363636363,0.5748581818181818,0.6174327272727272,0.5721890909090909,0.5696945454545455,0.6173963636363636,0.5691054545454545,0.5774099177383848,0.5888566813763664,0.5984461167279412,0.5563588775422639,0.5388176638176638,0.5473339198047618,TSMixer,42.0,0.0001,50.0,0.3001869916915893,0.425234375,0.31578125,19.0,4.0,1.0,136.0,42.0,390.2748203105,585.1474199209,3694.5415578300745,846.809814453125,91.7096483707428
TSMixer_s42,test,0.5405958076442657,0.5303931451612903,0.5270103528081609,0.6834391112124552,0.6442134162542936,0.4841488555359035,0.6745715045794854,0.692306717845425,0.6485989181519908,0.6076115734934571,0.5979783672011104,0.5768671085858585,0.5300249906245765,0.5557142677355618,0.4831930793369582,0.5206859350694967,0.4786066536203522,0.4442141526303285,0.4397158471992035,0.4039844684882329,0.431385523454489,0.4612453841498808,TSMixer,42.0,0.0001,50.0,0.3001869916915893,0.4806451612903226,0.2928931451612903,26.0,4.0,1.0,172.0,75.0,217.1763807695,1112.4583075723,12808.063606632815,2220.14013671875,91.7096483707428
TSMixer_s1,val,0.505653839752252,0.391328125,0.5133086774752289,0.5706945454545453,0.5581730909090908,0.483306354356641,0.5268145454545454,0.6145745454545454,0.6350036363636363,0.5619563636363636,0.4525163636363636,0.5594545454545454,0.6232,0.5163127272727273,0.4091781818181819,0.5400654545454545,0.4499261383385471,0.4385293184505783,0.4405014935661764,0.4348594067336022,0.42,0.484342631743239,TSMixer,1.0,0.0001,50.0,0.2507157325744629,0.826171875,0.31578125,19.0,4.0,0.0,215.0,148.0,795.6416216934,802.4558206123,3694.5415578300745,846.809814453125,88.32908892631531
TSMixer_s1,test,0.549861658470097,0.3821572580645161,0.513320840834175,0.6149210149609192,0.5922938256307384,0.5276424691901224,0.649210149609192,0.5806318803126465,0.6809878513789129,0.5384901632906423,0.5121490835622978,0.5989993686868686,0.5094620870480495,0.5135258435167822,0.5270377664904461,0.5705159566460937,0.5560140900195695,0.5690406522364357,0.574313885221495,0.4553593687674512,0.4550108729419074,0.4747872695162465,TSMixer,1.0,0.0001,50.0,0.2507157325744629,0.8111391129032258,0.2928931451612903,26.0,9.0,1.0,340.0,206.0,1165.687885,1297.1038301953,12808.063606632815,2220.14013671875,88.32908892631531
TSMixer_s2,val,0.5394639822625167,0.60765625,0.5285798499179488,0.6218690909090909,0.6012996363636363,0.5011105852890353,0.6035781818181818,0.6401600000000001,0.5905236363636364,0.5881272727272727,0.5841090909090909,0.5540145454545454,0.5014254545454545,0.4695636363636363,0.5401818181818181,0.443170909090909,0.5056120380025491,0.5659773297568573,0.4459874770220589,0.4645870877313424,0.5147507122507123,0.5069454297795057,TSMixer,2.0,0.0001,50.0,0.3347676396369934,0.27484375,0.31578125,19.0,8.0,4.0,108.0,39.0,156.9201093477,476.0350058457,3694.5415578300745,846.809814453125,87.96992111206055
TSMixer_s2,test,0.5629766543401339,0.619858870967742,0.5405745619808435,0.6863828399143642,0.6401889336814547,0.5114775134741429,0.696040613638379,0.6767250661903494,0.630027616260657,0.6044319031150636,0.593719469202824,0.581489898989899,0.5464059826231646,0.5342472218376774,0.5250745246598879,0.4913379998996437,0.4732618395303327,0.4923878656012804,0.4683870645554962,0.478614566713203,0.4892823858341099,0.5457632979708784,TSMixer,2.0,0.0001,50.0,0.3347676396369934,0.2917842741935484,0.2928931451612903,26.0,8.0,5.0,156.0,45.0,-682.5833915664,699.1332309746,12808.063606632815,2220.14013671875,87.96992111206055
iTransformer_s42,val,0.6239917184927072,0.535390625,0.5962027338205748,0.7159345454545454,0.6808887272727272,0.5904046280566063,0.7314181818181817,0.7004509090909091,0.6691490909090909,0.6457454545454545,0.6576799999999999,0.643629090909091,0.6293745454545454,0.6127636363636364,0.5983854545454546,0.6047345454545454,0.5956146448847179,0.5815595165988867,0.56781005859375,0.539868131239452,0.5593162393162393,0.5613950452623513,iTransformer,42.0,0.0001,50.0,0.2416261881589889,0.629609375,0.31578125,19.0,6.0,6.0,115.0,31.0,-228.2201678457,279.2149893194,3694.5415578300745,846.809814453125,108.2125813961029
iTransformer_s42,test,0.5346103265037725,0.4388608870967742,0.5257953756311186,0.7094797881908816,0.6487936502734388,0.4669124117674536,0.7323059577648564,0.6866536186169068,0.6573556797020483,0.6139994172715642,0.5536535780118186,0.5174715909090909,0.5262590642224386,0.5012176090814131,0.471168615773156,0.4647749510763209,0.4646700587084149,0.414891022995836,0.4401809039579763,0.4777279866374152,0.4073190431811121,0.4503556828988156,iTransformer,42.0,0.0001,50.0,0.2416261881589889,0.6991935483870968,0.2928931451612903,26.0,10.0,2.0,189.0,51.0,-308.4351672734,839.0224065976,12808.063606632815,2220.14013671875,108.2125813961029
iTransformer_s1,val,0.566973488238759,0.484921875,0.5631855752100094,0.6819890909090909,0.6462181818181818,0.5194636746473555,0.7074472727272727,0.656530909090909,0.6470909090909092,0.6037381818181818,0.6162836363636364,0.5677381818181819,0.5559563636363636,0.5613890909090908,0.5404,0.5410036363636364,0.5170605955277487,0.5012474402238182,0.4903923483455882,0.4762722045825109,0.4909401709401709,0.4717003887738017,iTransformer,1.0,0.0001,50.0,0.2004427760839462,0.689140625,0.31578125,19.0,5.0,4.0,91.0,28.0,-151.6645145195,319.5827818027,3694.5415578300745,846.809814453125,108.51827359199524
iTransformer_s1,test,0.5584556519898508,0.4301915322580645,0.531509980696254,0.6980959981758066,0.6572151512778952,0.4857133014129335,0.7064632184344873,0.689728777917126,0.6529978844424176,0.631028389009235,0.6058574865862103,0.5869160353535353,0.549021646986156,0.5128651254105892,0.5229196704266675,0.4886252446183953,0.4576845401174168,0.4747596003551287,0.4514046898945352,0.4476590546469884,0.4421745883814849,0.4088161193513727,iTransformer,1.0,0.0001,50.0,0.2004427760839462,0.7315524193548387,0.2928931451612903,26.0,10.0,4.0,155.0,40.0,-123.323170334,940.8490917031,12808.063606632815,2220.14013671875,108.51827359199524
iTransformer_s2,val,0.6134778421007374,0.560078125,0.5851346034484453,0.7113490909090909,0.6828756363636364,0.5674123243860173,0.7146109090909091,0.7080872727272728,0.6731345454545453,0.6535854545454546,0.66496,0.6266763636363637,0.6153818181818181,0.5884,0.5919927272727272,0.5984218181818182,0.5721164986675935,0.5474459923278822,0.5134995404411764,0.5757458737378072,0.4856552706552706,0.5261996651437328,iTransformer,2.0,0.0001,50.0,0.2924185395240783,0.536640625,0.31578125,19.0,5.0,4.0,83.0,26.0,-331.1505858535,241.8546387138,3694.5415578300745,846.809814453125,111.8805491924286
iTransformer_s2,test,0.5509280509352269,0.4742943548387097,0.5195501993749727,0.702203600248293,0.6559327818489906,0.4760883324115518,0.7217535058716225,0.6826536946249635,0.6484880730690786,0.6398801606303601,0.5868884750489284,0.583052398989899,0.5515238608466558,0.5467442328748159,0.513511815574633,0.4510198705404184,0.4427663405088062,0.4375586149979367,0.4302929857580269,0.4268548065416833,0.4271761416589003,0.4264705882352941,iTransformer,2.0,0.0001,50.0,0.2924185395240783,0.6011592741935484,0.2928931451612903,26.0,10.0,3.0,150.0,32.0,-506.598450584,734.3561133692,12808.063606632815,2220.14013671875,111.8805491924286
