experiment,split,n_signals,n_buy,evaluator_longshort,longshort_profit,longshort_random_mean,longshort_random_p95,longshort_pct_rank_vs_random,longonly_profit,longonly_random_mean,longonly_random_p95,longonly_pct_rank_vs_random,buy_hold_same_span
GRU_s1,val,86,8,-418.2471389844,-418.2471389844004,-632.4181233101401,-210.64812890048904,0.7925,172.02495171581995,72.89744604829392,270.0579041424315,0.7895,762.280029296875
GRU_s1,test,139,12,-1670.5014148652,-1670.501414865359,-1636.8476739439234,-331.80489972382793,0.474,257.6396278905513,164.58814873357048,821.9020596472657,0.568,2185.760009765625
GRU_s2,val,90,10,-5.8166039863000005,-5.81660398647773,-614.1084400118257,-155.40017341084078,0.9845,395.83168824111135,91.00424977165233,325.6718014130365,0.988,797.47998046875
GRU_s2,test,132,8,-1624.6864238027,-1624.6864238029602,-1748.5822199132401,-650.3432152766597,0.5585,273.53228696278984,113.52211323871397,655.3648876922845,0.6495,2171.730224609375
GRU_s42,val,69,19,-165.4098544023,-165.40985440166696,-358.5112236753346,280.90565759101366,0.6875,314.6233920882164,219.4436037721616,554.9128435149412,0.68,794.639892578125
GRU_s42,test,125,22,1680.7571790449,1680.7571790447473,-1333.112717383386,426.4961190827126,0.998,1919.383971199144,390.22109357215544,1284.4893514389657,0.9985,2157.989990234375
LSTM_s1,val,309,31,299.0655314531,299.0655314533501,-629.9722680724377,-151.48699873046996,0.9995,542.0262279180688,77.85508698089004,310.9618774156249,0.9995,784.969970703125
LSTM_s1,test,443,25,-327.9110470352,-327.9110470355563,-1766.5013930998107,-596.1976417369161,0.981,849.8549897107619,112.97889002432353,693.9385177404292,0.988,2027.60009765625
LSTM_s2,val,116,27,-392.276549293,-392.2765492927183,-424.09950551701047,181.49337953652338,0.5175,192.22021405970827,184.87889536781435,497.446436536816,0.5095,776.699951171875
LSTM_s2,test,198,36,-222.7012183145,-222.7012183143279,-1246.62533585488,605.5703757906256,0.804,937.0547295039814,357.2084193331703,1288.9763764917975,0.845,2096.789794921875
LSTM_s42,val,126,10,-532.0302490879,-532.0302490876147,-660.5077392836046,-262.01144160898457,0.686,118.83985592494264,61.81970675255613,259.7593037342281,0.6725,769.7099609375
LSTM_s42,test,158,18,-1208.6133444688,-1208.613344469024,-1552.6563546491898,-21.48660626757426,0.6305,474.7283619451882,218.37335369287135,998.4585457870105,0.6975,2158.070068359375
TransformerEncoderPE_s1,val,108,44,171.0840775059,171.08407750581046,-160.29188345594457,543.5082891786133,0.767,498.2070778154048,330.04381038957166,694.9895437647936,0.7655,825.330078125
TransformerEncoderPE_s1,test,162,67,337.0342894414,337.0342894407813,-304.3396235692176,2098.334987499806,0.6675,1165.552178900091,787.2730146152086,1946.1491807525401,0.7005,1994.070068359375
TransformerEncoderPE_s2,val,120,42,-23.5170810234,-23.517081023363062,-243.53011183045928,463.53816419570313,0.683,382.78137648051825,289.29393679569125,650.4710958551766,0.6525,789.079833984375
TransformerEncoderPE_s2,test,164,46,847.5775876797,847.5775876796397,-829.0045568320448,1329.0089259531223,0.8975,1390.6188719648198,512.6835413586058,1587.5150512741202,0.9085,1933.66015625
TransformerEncoderPE_s42,val,101,42,-360.0637482539,-360.06374825433204,-148.44528585971946,581.0951724959478,0.323,217.74315028688397,335.35740348361713,698.1642423848134,0.2965,795.550048828125
TransformerEncoderPE_s42,test,136,63,284.017647168,284.01764716782145,-117.67600607143852,2335.2547572440467,0.6125,1179.6787454589107,859.7744350840903,2077.877996868455,0.676,2075.33984375
TransformerModel_s1,val,78,41,-53.3839142637,-53.3839142637471,43.89679953318437,765.5340155711926,0.426,387.60809169622644,433.1914064908427,801.8239699457514,0.405,828.60009765625
TransformerModel_s1,test,102,38,-341.6661834297,-341.66618342958463,-364.14508274254723,1834.908550735935,0.4985,692.1674585196074,565.819122955635,1689.6955276307617,0.5595,1725.97998046875
TransformerModel_s2,val,132,80,49.4774635332,49.47746353292814,191.0446203774612,918.6971012682127,0.379,427.42379036021384,496.5314267203788,869.6531683015621,0.3855,805.3701171875
TransformerModel_s2,test,253,151,3640.1796696758,3640.179669676607,357.12373386354466,2791.9251438920924,0.986,2802.924917846104,1099.512642864369,2328.0564762664053,0.99,1965.670166015625
TransformerModel_s42,val,269,79,284.7359832812,284.7359832812017,-321.40528351373496,393.7356707643529,0.9135,534.9079086328006,231.1601765612839,586.7869078146941,0.9185,785.079833984375
TransformerModel_s42,test,382,122,-1475.5081176973,-1475.5081176976946,-731.3983039984176,1649.2415264735343,0.29,266.1214400154222,618.06707565334,1762.9052142232422,0.308,2007.730224609375
Transformer_orig_lr1e-5_ep10,val,8,0,-547.5174155195,-547.5174155195314,-408.4095732387587,-250.0013155172851,0.049,0.0,0.0,0.0,0.0,547.5
Transformer_orig_lr1e-5_ep10,test,22,0,-1145.8857586406,-1145.8857586405752,-822.6480107045772,-415.80894218447264,0.052,0.0,0.0,0.0,0.0,1145.85986328125
