epoch,train_loss_running,grad_norm_mean,weight_drift,train_loss,train_auc,train_auc_d1,val_loss,val_auc,val_auc_d1,test_loss,test_auc,test_auc_d1
1,0.6591954079417675,0.11103714877888277,1.187504529953003,0.6339153051376343,0.5831940451511515,0.7419685756008394,0.6307929158210754,0.5316192142811057,0.7118254545454545,0.6124865412712097,0.5902251438035176,0.7170410063466727
2,0.626549782181874,0.08969362452626228,1.8042795658111572,0.6222628355026245,0.6217230748643836,0.7614083218875574,0.6199488043785095,0.5620638892225377,0.7242545454545455,0.5929292440414429,0.630682664504025,0.7533285194897326
3,0.6199182762619208,0.08658442187331929,2.2884716987609863,0.6174182295799255,0.6323335464120614,0.768783156583321,0.6180146932601929,0.5688685817640511,0.7290836363636365,0.5872496366500854,0.6393172664353024,0.7672696639177086
4,0.6156221820827673,0.09477302801756352,2.7538115978240967,0.6134899854660034,0.6381289145791209,0.7722756393891276,0.616725742816925,0.5736577141204835,0.7307345454545455,0.5831282734870911,0.6422496525162575,0.7737683527787278
5,0.6120027129187784,0.09918315456507323,3.175407886505127,0.6105161309242249,0.6420700002445442,0.7747887743743969,0.616269588470459,0.5761788557438515,0.7321745454545454,0.5793551802635193,0.643374887618475,0.7772013833466348
6,0.6094075498018882,0.10396978176931918,3.5439817905426025,0.6080361008644104,0.6460206969882842,0.7776322944483307,0.6157786250114441,0.5790528379848991,0.7336436363636365,0.5781708359718323,0.6442573125101789,0.7801720315686796
7,0.6072564987401998,0.1100756741295296,3.8689494132995605,0.6061336994171143,0.6492598848666821,0.7802618763754079,0.6158531904220581,0.5809437224511436,0.7349381818181817,0.5767603516578674,0.6448735471483652,0.7821292390326708
8,0.6053876873431551,0.11736525446459821,4.16830587387085,0.605453610420227,0.6507733537092408,0.7826972736927562,0.6177812218666077,0.5772857252785012,0.7355127272727271,0.5748145580291748,0.6449477168388282,0.7836747361887026
9,0.6040646874632672,0.12259996996859635,4.416983604431152,0.6030122637748718,0.6558136049820855,0.7856336577296005,0.6162431836128235,0.5830788029639459,0.7366909090909092,0.5758885741233826,0.6454691678504194,0.7850143781907549
10,0.6023933969069797,0.1273743898922953,4.647716522216797,0.6019613146781921,0.6596627970371713,0.7883089376617939,0.6165584921836853,0.5846045586199891,0.73776,0.5784570574760437,0.6450713391228748,0.7860689899796044
11,0.6011503964322601,0.14078399284031,4.892153263092041,0.6001791954040527,0.6624255581791004,0.7908013617494932,0.6168984770774841,0.5840627058272247,0.7384072727272728,0.5766499042510986,0.6448008923767432,0.7863033481549043
12,0.5997121285349697,0.14980025946414063,5.116111755371094,0.598709762096405,0.6654784897187604,0.7931909334136664,0.6176772117614746,0.5839270131081964,0.738690909090909,0.5767394304275513,0.6437342116477044,0.7858377988066735
13,0.598041488530518,0.15203973795411252,5.339804649353027,0.5970492959022522,0.6692316903621676,0.7958014319559257,0.6188498139381409,0.5831240150378098,0.73904,0.5781890749931335,0.6415295815380779,0.7846280039017469
14,0.596248165282913,0.17569924648780333,5.569272518157959,0.5947524309158325,0.6733379862926723,0.7985463119922798,0.6206626892089844,0.5821360161103571,0.7384509090909092,0.5783126950263977,0.6393071710652121,0.7825187803240475
15,0.5938930670118151,0.20151893519743314,5.809969425201416,0.5918909907341003,0.6784459353311267,0.8020113185533901,0.6243248581886292,0.5798586326784113,0.7366036363636363,0.578903317451477,0.6364782165281228,0.7792409328722177
16,0.5906773252632228,0.249946238055202,6.052590370178223,0.5880920886993408,0.6860924548224405,0.8064460035945694,0.6295945048332214,0.5748955729625415,0.7322327272727273,0.5796095728874207,0.6345553183900021,0.7757793992829906
17,0.5853160517750584,0.3325990861699608,6.338079929351807,0.5810969471931458,0.7009478874702351,0.8115010901144237,0.6407337188720703,0.5587915011809659,0.7137236363636364,0.584068775177002,0.6280299005480927,0.7655341466195417
18,0.5780717648934048,0.4796013994985207,6.604311466217041,0.5770217180252075,0.7065574012941329,0.8167250869283281,0.6625432372093201,0.544554457822912,0.6993818181818182,0.5807526111602783,0.6388536522037549,0.7730367752315078
19,0.5746175003142411,0.6610956765399686,6.811358451843262,0.5702580213546753,0.7176308636539891,0.8202050283123394,0.6604722738265991,0.5450859433360087,0.6977018181818181,0.5820114016532898,0.6320532244593668,0.7681089195454718
20,0.5694606242977621,0.6874231931827821,7.01779317855835,0.5667012333869934,0.7237041099303771,0.8228464176848728,0.6709207892417908,0.5384137796570583,0.6901163636363636,0.5867778062820435,0.6256723065684464,0.7628358606012238
21,0.5645350279010294,0.7147928365849724,7.214778423309326,0.5612956285476685,0.7301383111705474,0.8259702209843196,0.6799495816230774,0.5310145645872484,0.6843854545454546,0.5850553512573242,0.6284569911290401,0.7664747463231101
22,0.5613118158547143,0.7883417936105692,7.402103900909424,0.5575713515281677,0.735580520088216,0.8289994051600451,0.6895437836647034,0.5267828218187226,0.6820072727272728,0.5868741869926453,0.6283578528774363,0.7687929920571581
23,0.5560681013100047,0.9168484514657083,7.58904504776001,0.553047239780426,0.7409014038156553,0.8301758734956676,0.7011581659317017,0.5164577598608084,0.6730036363636364,0.591598391532898,0.6205740894733638,0.7614867175920647
24,0.5512160169307724,1.0084487097231607,7.761229038238525,0.5483354330062866,0.7474036743233596,0.8338105243271671,0.7071409821510315,0.5130561056836535,0.6727927272727272,0.594363808631897,0.6189814252427602,0.7629118686580777
25,0.5470012804854505,1.0518546170154905,7.930846214294434,0.5461304187774658,0.7513231987459583,0.8358536910712736,0.7197023034095764,0.5076891457915229,0.6679345454545454,0.5974061489105225,0.6203219873517402,0.7648849111339135
26,0.5438741227973096,1.2474744621905083,8.088006973266602,0.5395755171775818,0.757808455903433,0.8380683529826246,0.7255714535713196,0.503165862124333,0.6662836363636363,0.6000618934631348,0.6131628734386876,0.7600995705544789
27,0.5389045921115367,1.2971779224197222,8.243124008178711,0.5351105332374573,0.7623147420184528,0.8410902931310027,0.7397019267082214,0.49714639920930703,0.6613381818181818,0.6032089591026306,0.6124627049367795,0.7587694295595333
28,0.534331234462361,1.336111881263809,8.384512901306152,0.5320886373519897,0.7666883563299098,0.8419953497812113,0.7445109486579895,0.4942219647571248,0.6596363636363637,0.6065117716789246,0.6100996523426858,0.7579238399270323
29,0.5295826158142815,1.321395366024155,8.520639419555664,0.5258622169494629,0.7726305518006218,0.8450310440079447,0.7633579969406128,0.48201970483705064,0.6510109090909091,0.6150985956192017,0.5963452441895227,0.7450658103092261
30,0.5247696127048463,1.4390900403601135,8.656271934509277,0.5203366875648499,0.7776423511331172,0.8470338420533977,0.7695284485816956,0.4800269978651879,0.6494618181818183,0.6167069673538208,0.5971318550644884,0.7466303094794715
31,0.5188247841347307,1.4481740769551281,8.789085388183594,0.5202590227127075,0.7811858862301003,0.8468076816048936,0.7976245880126953,0.4646237485394,0.6360581818181819,0.6388528347015381,0.5711354797562131,0.7252973815224413
32,0.5131541015757354,1.5480161234453151,8.928190231323242,0.5098913908004761,0.7875973897811183,0.8515330212763783,0.7934779524803162,0.47002106167949476,0.641810909090909,0.625791609287262,0.5903789847318138,0.7432004459139335
33,0.5073184946643989,1.6870502004605283,9.05351734161377,0.5019870400428772,0.7947556061264255,0.8537955192978336,0.8091049790382385,0.4603105505912513,0.6361600000000001,0.6346962451934814,0.5753350862477642,0.7334619136295114
34,0.5017963917536428,1.9400423195198915,9.170366287231445,0.49625474214553833,0.8002833753957308,0.8548492540247433,0.8098015785217285,0.4602670616892124,0.6395854545454546,0.6389319896697998,0.5694809737172131,0.7303202472795449
35,0.4953624804436934,1.9660801051234111,9.289632797241211,0.48957911133766174,0.8059666753030637,0.8576845407988727,0.8391653299331665,0.4449235584029259,0.6294763636363637,0.6540451645851135,0.5520626883474982,0.7165026159439567
36,0.4885273079455125,2.002689187744271,9.401187896728516,0.48330196738243103,0.8111537274765213,0.858018691505277,0.8328931331634521,0.4507748566970762,0.6356436363636364,0.6601089239120483,0.5457392760397897,0.7141558671885886
37,0.48263574179134444,2.211820821345079,9.505194664001465,0.4762944281101227,0.817205564606468,0.8614066943748053,0.8620058298110962,0.4365808785102846,0.626109090909091,0.6715685725212097,0.5317420515428382,0.7060040030909943
38,0.4771845010976828,2.474081967493427,9.597699165344238,0.4716149866580963,0.8208146260979523,0.8624539190507069,0.8540927171707153,0.4436870554993531,0.6324509090909092,0.6720831394195557,0.5317547596879336,0.7078630334815491
39,0.47109473918780626,2.4349242061263254,9.690160751342773,0.46469205617904663,0.8257546705216989,0.8653839845086315,0.8841627240180969,0.43221396562402153,0.6240654545454545,0.6858023405075073,0.5243551232758153,0.7005235054915822
40,0.46554854251585986,2.4327133711526603,9.766961097717285,0.4617913067340851,0.8289562201852662,0.8679521038953082,0.9207695722579956,0.41635543170312994,0.6075054545454546,0.7035683989524841,0.5140382561044269,0.6876923953939118
41,0.46082271165267596,2.8050851112536153,9.83763599395752,0.45553311705589294,0.8334249926631778,0.8692913873301643,0.9072766304016113,0.4243634631527672,0.6180436363636362,0.7041311860084534,0.5169746901466575,0.6895862628105245
42,0.45957368079700395,2.935404480523483,9.908370018005371,0.45261114835739136,0.8356342256063332,0.8707253856247861,0.9220675826072693,0.42066449121402705,0.6130254545454545,0.7054128050804138,0.5153637548908419,0.6905870355591026
43,0.45146720128367607,2.731988027295232,9.985870361328125,0.45129501819610596,0.8383861484864111,0.8704488361049982,0.8829284906387329,0.4487925311292402,0.6376218181818181,0.7053465843200684,0.5093663506644097,0.6964744929629207
44,0.44913511663788624,2.870892959629175,10.057705879211426,0.44644463062286377,0.8408053956696555,0.8741767976676147,0.9367154836654663,0.41806428142774443,0.6148,0.7221660017967224,0.5148023578613905,0.6838444875156766
45,0.4465466236886869,3.0866405898173954,10.117658615112305,0.43998944759368896,0.8472752015947693,0.876342666108419,0.9109207987785339,0.4345303181630559,0.627810909090909,0.7310252785682678,0.49679505732643026,0.6804874650046239
46,0.4409024725622097,2.9714814576359303,10.185406684875488,0.4480680227279663,0.84371092684814,0.8742347498863933,0.9068595767021179,0.448527148543852,0.6346690909090908,0.7254034876823425,0.5037086623881188,0.6933898326555948
47,0.4368200870974436,3.003790954673245,10.25732135772705,0.4373095631599426,0.8497451929411173,0.8777555067372645,0.9559891223907471,0.43200191661904874,0.6150109090909092,0.7577643394470215,0.4978003255762987,0.6751605670201042
48,0.432752157232154,3.2012031762772186,10.322815895080566,0.43171435594558716,0.8542430770634964,0.8810964712970575,0.9367215037345886,0.43806674697589,0.6243927272727273,0.7541695833206177,0.4945778110708282,0.6773362976475508
49,0.42976568724266023,3.1957439687315503,10.387940406799316,0.4236990213394165,0.8592690641251443,0.8846806373212288,0.9600738286972046,0.43271499901863947,0.6177745454545455,0.7743814587593079,0.4851919811260984,0.6653713626977793
50,0.4252710509549529,3.1520866178287754,10.45744800567627,0.41987231373786926,0.8622191995824066,0.885856914184763,0.9678018093109131,0.4340518131213941,0.61864,0.786249041557312,0.47919746567203114,0.6595915833745044
